elcigarroelectronico3;https://elcigarroelectronico.com/jam-it-up/6153-28723-liquido-clotted-cream-raspberry-jam-scones-de-jam-it-up-100ml-7863218278578.html;LÍQUIDO Clotted Cream Raspberry Jam Scones de Jam It Up 100ml;9,95 €;https://elcigarroelectronico.com/17935-large_default/liquido-clotted-cream-raspberry-jam-scones-de-jam-it-up-100ml.jpg;elcigarroelectronico3/liquido-clotted-cream-raspberry-jam-scones-de-jam-it-up-100ml.jpg
elcigarroelectronico3;https://elcigarroelectronico.com/jam-it-up/6155-28724-liquido-cherry-bakewell-de-jam-it-up-100ml-2049470510235.html;LÍQUIDO Cherry Bakewell de Jam It Up 100ml;9,95 €;https://elcigarroelectronico.com/17940-large_default/liquido-cherry-bakewell-de-jam-it-up-100ml.jpg;elcigarroelectronico3/liquido-cherry-bakewell-de-jam-it-up-100ml.jpg
elcigarroelectronico3;https://elcigarroelectronico.com/don-cristo-e-liquid/6028-28482-liquido-don-cristo-reserve-50ml-4324160604738.html;LÍQUIDO Don Cristo RESERVE 50ml;19,95 €;https://elcigarroelectronico.com/17621-large_default/liquido-don-cristo-reserve-50ml.jpg;elcigarroelectronico3/liquido-don-cristo-reserve-50ml.jpg
elcigarroelectronico3;https://elcigarroelectronico.com/atmos-lab-e-liquido/489-22403-liquido-bebeca-5050-de-atmos-lab-0233618142088.html;LÍQUIDO Bebeca 50/50 de Atmos Lab 50ml SHORTFILL;16,95 €;https://elcigarroelectronico.com/11540-large_default/liquido-bebeca-5050-de-atmos-lab.jpg;elcigarroelectronico3/liquido-bebeca-5050-de-atmos-lab.jpg
elcigarroelectronico3;https://elcigarroelectronico.com/12-monkeys-vapor-co/3018-22074-kanzi-de-twelve-monkeys-5493015395479.html;LÍQUIDO Kanzi de Twelve Monkeys 50ml;17,95 €;https://elcigarroelectronico.com/11401-large_default/kanzi-de-twelve-monkeys.jpg;elcigarroelectronico3/kanzi-de-twelve-monkeys.jpg
elcigarroelectronico3;https://elcigarroelectronico.com/e-liquido-valeo-sabores/6407-29187-liquido-menta-de-valeo-50ml-3159180470992.html;LÍQUIDO Menta de Valeo 50ml;11,95 €;https://elcigarroelectronico.com/18564-large_default/liquido-menta-de-valeo-50ml.jpg;elcigarroelectronico3/liquido-menta-de-valeo-50ml.jpg
elcigarroelectronico3;https://elcigarroelectronico.com/valeo-e-liquido/339-12672-liquido-gold-box-de-valeo-10ml-0838468745351.html;LÍQUIDO Gold Box de Valeo 10ml;3,50 €;https://elcigarroelectronico.com/840-large_default/liquido-gold-box-de-valeo-10ml.jpg;elcigarroelectronico3/liquido-gold-box-de-valeo-10ml.jpg
elcigarroelectronico3;https://elcigarroelectronico.com/valeo-e-liquido/337-12684-liquido-usa-mix-de-valeo-10ml-0482140686366.html;LÍQUIDO USA Mix de Valeo 10ml;3,50 €;https://elcigarroelectronico.com/839-large_default/liquido-usa-mix-de-valeo-10ml.jpg;elcigarroelectronico3/liquido-usa-mix-de-valeo-10ml.jpg
elcigarroelectronico3;https://elcigarroelectronico.com/la-lecheria-vape/3596-22395-flan-leche-lecheria-5773551245224.html;LÍQUIDO Flan de Leche de La Lecheria 50ml;15,95 €;https://elcigarroelectronico.com/10722-large_default/flan-leche-lecheria.jpg;elcigarroelectronico3/flan-leche-lecheria.jpg
elcigarroelectronico3;https://elcigarroelectronico.com/la-lecheria-vape/3597-22396-liquido-flan-de-fresas-de-la-lecheria-50ml-3795603532344.html;LÍQUIDO Flan de Fresas de La Lecheria 50ml;15,95 €;https://elcigarroelectronico.com/10721-large_default/liquido-flan-de-fresas-de-la-lecheria-50ml.jpg;elcigarroelectronico3/liquido-flan-de-fresas-de-la-lecheria-50ml.jpg
elcigarroelectronico3;https://elcigarroelectronico.com/horny-flava/6060-29231-liquido-apple-candy-de-horny-flava-100ml-6678245859222.html;LÍQUIDO Apple Candy de Horny Flava 100ml;16,50 €;https://elcigarroelectronico.com/17700-large_default/liquido-apple-candy-de-horny-flava-100ml.jpg;elcigarroelectronico3/liquido-apple-candy-de-horny-flava-100ml.jpg
elcigarroelectronico3;https://elcigarroelectronico.com/ma-petite-gourmandise/6011-28463-liquido-le-pop-corn-de-ma-petite-gourmandise-50ml-4861420425585.html;LÍQUIDO Le Pop Corn de Ma Petite Gourmandise 50ml;13,50 €;https://elcigarroelectronico.com/17597-large_default/liquido-le-pop-corn-de-ma-petite-gourmandise-50ml.jpg;elcigarroelectronico3/liquido-le-pop-corn-de-ma-petite-gourmandise-50ml.jpg
elcigarroelectronico3;https://elcigarroelectronico.com/la-lecheria-vape/3994-23484-liquido-flan-de-limon-de-la-lecheria-50ml-5068829827944.html;LÍQUIDO Flan de Limón de La Lecheria 50ml;15,95 €;https://elcigarroelectronico.com/11874-large_default/liquido-flan-de-limon-de-la-lecheria-50ml.jpg;elcigarroelectronico3/liquido-flan-de-limon-de-la-lecheria-50ml.jpg
elcigarroelectronico3;https://elcigarroelectronico.com/la-lecheria-vape/3598-22397-flan-caramelo-lecheria-9253123113886.html;LÍQUIDO Flan de Caramelo de La Lecheria 50ml;15,95 €;https://elcigarroelectronico.com/10720-large_default/flan-caramelo-lecheria.jpg;elcigarroelectronico3/flan-caramelo-lecheria.jpg
elcigarroelectronico3;https://elcigarroelectronico.com/nicokits/5996-28440-nicokit-de-sukka-nics-5050-5919196084143.html;NICOKIT de Sukka NICS 50VG/50PG;0,95 €;https://elcigarroelectronico.com/19019-large_default/nicokit-de-sukka-nics-5050.jpg;elcigarroelectronico3/nicokit-de-sukka-nics-5050.jpg
elcigarroelectronico3;https://elcigarroelectronico.com/frutales-frescos/5695-27852-liquido-ragnarok-de-al-50ml-1870320178562.html;LÍQUIDO Ragnarok de A&L 50ml;18,95 €;https://elcigarroelectronico.com/16756-large_default/liquido-ragnarok-de-al-50ml.jpg;elcigarroelectronico3/liquido-ragnarok-de-al-50ml.jpg
elcigarroelectronico3;https://elcigarroelectronico.com/frutales-frescos/5696-27853-liquido-valkyrie-de-al-50ml-3489937107070.html;LÍQUIDO Valkyrie de A&L 50ml;18,95 €;https://elcigarroelectronico.com/16757-large_default/liquido-valkyrie-de-al-50ml.jpg;elcigarroelectronico3/liquido-valkyrie-de-al-50ml.jpg
elcigarroelectronico3;https://elcigarroelectronico.com/nicokits/1875-25686-nicokit-de-vap-fip-20pg-80vg-1900400677699.html;NICOKIT de Vap Fip 20PG / 80VG;1,25 €;https://elcigarroelectronico.com/19016-large_default/nicokit-de-vap-fip-20pg-80vg.jpg;elcigarroelectronico3/nicokit-de-vap-fip-20pg-80vg.jpg
elcigarroelectronico3;https://elcigarroelectronico.com/nicokits/3658-25492-nicokit-premium-100-pg-de-herrera-2586599937647.html;NICOKIT Premium 100% PG de Herrera;2,50 €;https://elcigarroelectronico.com/14366-large_default/nicokit-premium-100-pg-de-herrera.jpg;elcigarroelectronico3/nicokit-premium-100-pg-de-herrera.jpg
elcigarroelectronico3;https://elcigarroelectronico.com/nicokits/6193-28811-nicokit-fast4vap-5050-de-oil4vap-8105525287966.html;NICOKIT Fast4Vap 50/50 DE Oil4Vap;1,50 €;https://elcigarroelectronico.com/19020-large_default/nicokit-fast4vap-5050-de-oil4vap.jpg;elcigarroelectronico3/nicokit-fast4vap-5050-de-oil4vap.jpg
elcigarroelectronico3;https://elcigarroelectronico.com/nicokits/5641-29582-nicokit-en-nic-salt-91-de-vapfip-3009485513903.html;NICOKIT en NIC SALT 9+1 50VG / 50PG de Vap Fip;1,50 €;https://elcigarroelectronico.com/19017-large_default/nicokit-en-nic-salt-91-de-vapfip.jpg;elcigarroelectronico3/nicokit-en-nic-salt-91-de-vapfip.jpg
elcigarroelectronico3;https://elcigarroelectronico.com/nicokits/6358-29550-nicokit-50vg50pg-de-vap-fip--2270500466820.html;NICOKIT 50VG/50PG de Vap Fip;1,25 €;https://elcigarroelectronico.com/18434-large_default/nicokit-50vg50pg-de-vap-fip-.jpg;elcigarroelectronico3/nicokit-50vg50pg-de-vap-fip-.jpg
elcigarroelectronico3;https://elcigarroelectronico.com/nicokits/6068-28693-nicokit-fast4vap-7030-de-oil4vap-6432586065496.html;NICOKIT Fast4Vap 70/30 de Oil4Vap;1,50 €;https://elcigarroelectronico.com/19021-large_default/nicokit-fast4vap-7030-de-oil4vap.jpg;elcigarroelectronico3/nicokit-fast4vap-7030-de-oil4vap.jpg
elcigarroelectronico3;https://elcigarroelectronico.com/nicokits/4702-25491-nicokit-premium-100-vg-de-herrera-9765636054797.html;NICOKIT Premium 100% VG de Herrera;2,50 €;https://elcigarroelectronico.com/14367-large_default/nicokit-premium-100-vg-de-herrera.jpg;elcigarroelectronico3/nicokit-premium-100-vg-de-herrera.jpg
elcigarroelectronico3;https://elcigarroelectronico.com/nicokits/6851-30386-nicokit-de-bombo-50vg50pg.html;NICOKIT de Bombo 50VG/50PG;1,25 €;https://elcigarroelectronico.com/19472-large_default/nicokit-de-bombo-50vg50pg.jpg;elcigarroelectronico3/nicokit-de-bombo-50vg50pg.jpg
elcigarroelectronico3;https://elcigarroelectronico.com/nicokits/3695-30246-nicokit-de-atmos-lab-0292987222784.html;NICOKIT de Atmos Lab;1,75 €;https://elcigarroelectronico.com/10946-large_default/nicokit-de-atmos-lab.jpg;elcigarroelectronico3/nicokit-de-atmos-lab.jpg
elcigarroelectronico3;https://elcigarroelectronico.com/nicokits/6852-30387-nicokit-de-neovap-50vg50pg.html;NICOKIT de NeoVap 50VG/50PG;0,95 €;https://elcigarroelectronico.com/19473-large_default/nicokit-de-neovap-50vg50pg.jpg;elcigarroelectronico3/nicokit-de-neovap-50vg50pg.jpg
elcigarroelectronico3;https://elcigarroelectronico.com/cafe-racer-e-liquid/3127-21688-lucky-13-de-cafe-racer-6060156566090.html;LÍQUIDO Lucky 13 de Cafe Racer 50ml;18,95 €;https://elcigarroelectronico.com/14153-large_default/lucky-13-de-cafe-racer.jpg;elcigarroelectronico3/lucky-13-de-cafe-racer.jpg
elcigarroelectronico3;https://elcigarroelectronico.com/horny-flava/5907-28294-liquido-pinberry-de-horny-flava-100ml-1633079652673.html;LÍQUIDO Pinberry de Horny Flava 100ml;16,50 €;https://elcigarroelectronico.com/17377-large_default/liquido-pinberry-de-horny-flava-100ml.jpg;elcigarroelectronico3/liquido-pinberry-de-horny-flava-100ml.jpg
elcigarroelectronico3;https://elcigarroelectronico.com/nicokits/4081-23703-nicokit-en-salt-de-nicotina-10ml-de-halo-4466126281765.html;NICOKIT FUSION en NIC SALT 50VG / 50PG de Halo;1,75 €;https://elcigarroelectronico.com/12123-large_default/nicokit-en-salt-de-nicotina-10ml-de-halo.jpg;elcigarroelectronico3/nicokit-en-salt-de-nicotina-10ml-de-halo.jpg
elcigarroelectronico3;https://elcigarroelectronico.com/e-liquido-valeo-sabores/6406-29186-liquido-manzana-de-valeo-50ml-3974249376943.html;LÍQUIDO Manzana de Valeo 50ml;11,95 €;https://elcigarroelectronico.com/18565-large_default/liquido-manzana-de-valeo-50ml.jpg;elcigarroelectronico3/liquido-manzana-de-valeo-50ml.jpg
elcigarroelectronico3;https://elcigarroelectronico.com/horny-flava/5909-29243-liquido-mint-bubblegum-de-horny-flava-100ml-8445352725683.html;LÍQUIDO Mint Bubblegum de Horny FLava 100ml;16,50 €;https://elcigarroelectronico.com/17373-large_default/liquido-mint-bubblegum-de-horny-flava-100ml.jpg;elcigarroelectronico3/liquido-mint-bubblegum-de-horny-flava-100ml.jpg
elcigarroelectronico3;https://elcigarroelectronico.com/e-liquido-valeo-sabores/6405-29185-liquido-fresa-de-valeo-50ml-7661567363835.html;LÍQUIDO Fresa de Valeo 50ml;11,95 €;https://elcigarroelectronico.com/18562-large_default/liquido-fresa-de-valeo-50ml.jpg;elcigarroelectronico3/liquido-fresa-de-valeo-50ml.jpg
elcigarroelectronico3;https://elcigarroelectronico.com/herrera-natural/2502-23893-liquido-viura-de-herrera-1601167283955.html;LÍQUIDO Viura de Herrera 40ml SHORTFILL;17,95 €;https://elcigarroelectronico.com/15783-large_default/liquido-viura-de-herrera.jpg;elcigarroelectronico3/liquido-viura-de-herrera.jpg
elcigarroelectronico3;https://elcigarroelectronico.com/nicokits/1875-nicokit-de-vap-fip-20pg-80vg-1900400677699.html;NICOKIT de Vap Fip 20PG / 80VG;1,25 €;https://elcigarroelectronico.com/19016-large_default/nicokit-de-vap-fip-20pg-80vg.jpg;elcigarroelectronico3/nicokit-de-vap-fip-20pg-80vg.jpg
elcigarroelectronico3;https://elcigarroelectronico.com/valeo-e-liquido/6856-30409-liquido-vainilla-de-valeo-50ml.html;LÍQUIDO Vainilla de Valeo 50ml SHORTFILL;11,95 €;https://elcigarroelectronico.com/19493-large_default/liquido-vainilla-de-valeo-50ml.jpg;elcigarroelectronico3/liquido-vainilla-de-valeo-50ml.jpg
elcigarroelectronico3;https://elcigarroelectronico.com/herrera-natural/5340-27133-liquido-penas-de-herrera-3426368990918.html;LÍQUIDO Peñas de Herrera 40ml SHORTFILL;17,95 €;https://elcigarroelectronico.com/15763-large_default/liquido-penas-de-herrera.jpg;elcigarroelectronico3/liquido-penas-de-herrera.jpg
elcigarroelectronico3;https://elcigarroelectronico.com/herrera-natural/6665-29928-liquido-churdinas-de-herrera-10ml.html;LÍQUIDO Churdinas de Herrera 10ml;5,00 €;https://elcigarroelectronico.com/19174-large_default/liquido-churdinas-de-herrera-10ml.jpg;elcigarroelectronico3/liquido-churdinas-de-herrera-10ml.jpg
elcigarroelectronico3;https://elcigarroelectronico.com/herrera-natural/5290-27043-liquido-puro-habano-de-herrera-40ml-2703522685912.html;LÍQUIDO Puro Habano de Herrera 40ml;19,95 €;https://elcigarroelectronico.com/15647-large_default/liquido-puro-habano-de-herrera-40ml.jpg;elcigarroelectronico3/liquido-puro-habano-de-herrera-40ml.jpg
elcigarroelectronico3;https://elcigarroelectronico.com/herrera-natural/5291-27044-liquido-cigarrillo-habano-de-herrera-40ml-2212996431623.html;LÍQUIDO Cigarrillo Habano de Herrera 40ml;19,95 €;https://elcigarroelectronico.com/15648-large_default/liquido-cigarrillo-habano-de-herrera-40ml.jpg;elcigarroelectronico3/liquido-cigarrillo-habano-de-herrera-40ml.jpg
elcigarroelectronico3;https://elcigarroelectronico.com/herrera-natural/6663-29918-liquido-boj-de-herrera-10ml.html;LÍQUIDO Boj de Herrera 10ml;5,00 €;https://elcigarroelectronico.com/19172-large_default/liquido-boj-de-herrera-10ml.jpg;elcigarroelectronico3/liquido-boj-de-herrera-10ml.jpg
elcigarroelectronico3;https://elcigarroelectronico.com/herrera-natural/6662-29913-liquido-ultramenthol-de-herrera-10ml.html;LÍQUIDO Ultramenthol de Herrera 10ml;5,00 €;https://elcigarroelectronico.com/19171-large_default/liquido-ultramenthol-de-herrera-10ml.jpg;elcigarroelectronico3/liquido-ultramenthol-de-herrera-10ml.jpg
elcigarroelectronico3;https://elcigarroelectronico.com/herrera-natural/6661-30062-liquido-abarra-de-herrera-10ml.html;LÍQUIDO Abarra de Herrera 10ml;5,00 €;https://elcigarroelectronico.com/19150-large_default/liquido-abarra-de-herrera-10ml.jpg;elcigarroelectronico3/liquido-abarra-de-herrera-10ml.jpg
elcigarroelectronico3;https://elcigarroelectronico.com/herrera-natural/6664-30074-liquido-tolono-de-herrera-10ml.html;LÍQUIDO Toloño de Herrera 10ml;5,00 €;https://elcigarroelectronico.com/19173-large_default/liquido-tolono-de-herrera-10ml.jpg;elcigarroelectronico3/liquido-tolono-de-herrera-10ml.jpg
elcigarroelectronico3;https://elcigarroelectronico.com/herrera-natural/6666-30075-liquido-penas-de-herrera-10ml.html;LÍQUIDO Peñas de Herrera 10ml;5,00 €;https://elcigarroelectronico.com/19176-large_default/liquido-penas-de-herrera-10ml.jpg;elcigarroelectronico3/liquido-penas-de-herrera-10ml.jpg
elcigarroelectronico3;https://elcigarroelectronico.com/cafe-racer-e-liquid/3128-21716-liquido-cool-bastard-de-cafe-racer-50ml-6741809803068.html;LÍQUIDO Cool Bastard de Cafe Racer 50ml;18,95 €;https://elcigarroelectronico.com/9644-large_default/liquido-cool-bastard-de-cafe-racer-50ml.jpg;elcigarroelectronico3/liquido-cool-bastard-de-cafe-racer-50ml.jpg
elcigarroelectronico3;https://elcigarroelectronico.com/herrera-natural/4676-25357-liquido-churdinas-herrera-6777556990270.html;LÍQUIDO Churdinas de Herrera 40ml SHORTFILL;17,95 €;https://elcigarroelectronico.com/15787-large_default/liquido-churdinas-herrera.jpg;elcigarroelectronico3/liquido-churdinas-herrera.jpg
elcigarroelectronico3;https://elcigarroelectronico.com/cafe-racer-e-liquid/3126-21014-liquido-lucky-bastard-de-cafe-racer-50ml-8805878907442.html;LÍQUIDO Lucky Bastard de Cafe Racer 50ml;18,95 €;https://elcigarroelectronico.com/14152-large_default/liquido-lucky-bastard-de-cafe-racer-50ml.jpg;elcigarroelectronico3/liquido-lucky-bastard-de-cafe-racer-50ml.jpg
elcigarroelectronico3;https://elcigarroelectronico.com/herrera-natural/2501-23892-abarra-herrera-5685649258088.html;LÍQUIDO Abarra de Herrera 40ml SHORTFILL;17,95 €;https://elcigarroelectronico.com/15782-large_default/abarra-herrera.jpg;elcigarroelectronico3/abarra-herrera.jpg
elcigarroelectronico3;https://elcigarroelectronico.com/cafe-racer-e-liquid/5011-26280-liquido-daily-grind-de-cafe-racer-50ml-2262060795915.html;LÍQUIDO Daily Grind de Cafe Racer 50ml;18,95 €;https://elcigarroelectronico.com/14875-large_default/liquido-daily-grind-de-cafe-racer-50ml.jpg;elcigarroelectronico3/liquido-daily-grind-de-cafe-racer-50ml.jpg
elcigarroelectronico3;https://elcigarroelectronico.com/drops-e-liquido/6631-29867-liquido-american-luxury-de-drops-10ml.html;LÍQUIDO American Luxury de Drops 10ml;4,95 €;https://elcigarroelectronico.com/19133-large_default/liquido-american-luxury-de-drops-10ml.jpg;elcigarroelectronico3/liquido-american-luxury-de-drops-10ml.jpg
elcigarroelectronico3;https://elcigarroelectronico.com/herrera-natural/6659-29899-liquido-viura-de-herrera-10ml.html;LÍQUIDO Viura de Herrera 10ml;5,00 €;https://elcigarroelectronico.com/19148-large_default/liquido-viura-de-herrera-10ml.jpg;elcigarroelectronico3/liquido-viura-de-herrera-10ml.jpg
elcigarroelectronico3;https://elcigarroelectronico.com/herrera-natural/2503-23894-ultramenthol-herrera-3899370008146.html;LÍQUIDO Ultramenthol de Herrera 40ml SHORTFILL;17,95 €;https://elcigarroelectronico.com/15784-large_default/ultramenthol-herrera.jpg;elcigarroelectronico3/ultramenthol-herrera.jpg
elcigarroelectronico3;https://elcigarroelectronico.com/halo-premium-e-liquido/443-22026-liquido-tribeca-de-halo-6849409728313.html;LÍQUIDO Tribeca de Halo 50ml SHORTFILL;18,95 €;https://elcigarroelectronico.com/13149-large_default/liquido-tribeca-de-halo.jpg;elcigarroelectronico3/liquido-tribeca-de-halo.jpg
elcigarroelectronico3;https://elcigarroelectronico.com/cafe-racer-e-liquid/4729-25571-liquido-berry-ice-de-cafe-racer-50ml-8183748670857.html;LÍQUIDO Berry ICE de Cafe Racer 50ml;18,95 €;https://elcigarroelectronico.com/14144-large_default/liquido-berry-ice-de-cafe-racer-50ml.jpg;elcigarroelectronico3/liquido-berry-ice-de-cafe-racer-50ml.jpg
elcigarroelectronico3;https://elcigarroelectronico.com/cafe-racer-e-liquid/3122-22323-croissant-de-cafe-racer-6879844232465.html;LÍQUIDO Croissant de Cafe Racer 50ml;18,95 €;https://elcigarroelectronico.com/14151-large_default/croissant-de-cafe-racer.jpg;elcigarroelectronico3/croissant-de-cafe-racer.jpg
elcigarroelectronico3;https://elcigarroelectronico.com/herrera-natural/5248-26870-liquido-boj-reserva-herrera-8950915262104.html;Líquido Boj RESERVA de Herrera 40ml;18,95 €;https://elcigarroelectronico.com/15528-large_default/liquido-boj-reserva-herrera.jpg;elcigarroelectronico3/liquido-boj-reserva-herrera.jpg
elcigarroelectronico3;https://elcigarroelectronico.com/atmos-lab-salts/4168-25707-ry69-mist-en-salt-18mg-de-atmos-lab-7036965140140.html;LÍQUIDO NIC SALT RY69 de Atmos Lab;4,95 €;https://elcigarroelectronico.com/12441-large_default/ry69-mist-en-salt-18mg-de-atmos-lab.jpg;elcigarroelectronico3/ry69-mist-en-salt-18mg-de-atmos-lab.jpg
elcigarroelectronico3;https://elcigarroelectronico.com/herrera-natural/4675-25367-liquido-tolono-herrera-0439340341830.html;LÍQUIDO Toloño de Herrera 40ml SHORTFILL;17,95 €;https://elcigarroelectronico.com/15786-large_default/liquido-tolono-herrera.jpg;elcigarroelectronico3/liquido-tolono-herrera.jpg
elcigarroelectronico3;https://elcigarroelectronico.com/horny-flava/6059-28537-liquido-strawberry-de-horny-flava-100ml-4765348224902.html;LÍQUIDO Strawberry de Horny Flava 100ml;16,50 €;https://elcigarroelectronico.com/17699-large_default/liquido-strawberry-de-horny-flava-100ml.jpg;elcigarroelectronico3/liquido-strawberry-de-horny-flava-100ml.jpg
elcigarroelectronico3;https://elcigarroelectronico.com/horny-flava/5908-29244-liquido-summer-rockmelon-de-horny-flava-100ml-7865709373724.html;LÍQUIDO Summer Rockmelon de Horny Flava 100ml;16,50 €;https://elcigarroelectronico.com/17372-large_default/liquido-summer-rockmelon-de-horny-flava-100ml.jpg;elcigarroelectronico3/liquido-summer-rockmelon-de-horny-flava-100ml.jpg
elcigarroelectronico3;https://elcigarroelectronico.com/horny-flava/5910-29239-liquido-banana-bubblegum-de-horny-flava-100ml-4432024722914.html;LÍQUIDO Banana Bubblegum de Horny Flava 100ml;16,50 €;https://elcigarroelectronico.com/17374-large_default/liquido-banana-bubblegum-de-horny-flava-100ml.jpg;elcigarroelectronico3/liquido-banana-bubblegum-de-horny-flava-100ml.jpg
elcigarroelectronico3;https://elcigarroelectronico.com/horny-flava/6057-29234-liquido-mango-de-horny-flava-100ml-3432650547470.html;LÍQUIDO Mango de Horny Flava 100ml;16,50 €;https://elcigarroelectronico.com/17695-large_default/liquido-mango-de-horny-flava-100ml.jpg;elcigarroelectronico3/liquido-mango-de-horny-flava-100ml.jpg
elcigarroelectronico3;https://elcigarroelectronico.com/horny-flava/6058-28535-liquido-pineapple-de-horny-flava-100ml-1118474174291.html;LÍQUIDO Pineapple de Horny Flava 100ml;16,50 €;https://elcigarroelectronico.com/17696-large_default/liquido-pineapple-de-horny-flava-100ml.jpg;elcigarroelectronico3/liquido-pineapple-de-horny-flava-100ml.jpg
elcigarroelectronico3;https://elcigarroelectronico.com/herrera-natural/5483-27481-liquido-abarra-reserva-de-herrera-9904802953827.html;LÍQUIDO Abarra RESERVA de Herrera;18,95 €;https://elcigarroelectronico.com/16105-large_default/liquido-abarra-reserva-de-herrera.jpg;elcigarroelectronico3/liquido-abarra-reserva-de-herrera.jpg
elcigarroelectronico3;https://elcigarroelectronico.com/horny-flava/5921-28315-liquido-grape-de-horny-flava-100ml-6059406176202.html;LÍQUIDO Grape de Horny Flava 100ml;16,50 €;https://elcigarroelectronico.com/17397-large_default/liquido-grape-de-horny-flava-100ml.jpg;elcigarroelectronico3/liquido-grape-de-horny-flava-100ml.jpg
elcigarroelectronico3;https://elcigarroelectronico.com/herrera-natural/3017-23895-boj-de-herrera-8559014964843.html;LÍQUIDO BOJ de Herrera 40ml SHORTFILL;17,95 €;https://elcigarroelectronico.com/15785-large_default/boj-de-herrera.jpg;elcigarroelectronico3/boj-de-herrera.jpg
elcigarroelectronico3;https://elcigarroelectronico.com/atmos-lab-salts/4167-25708-nutacco-mist-en-salt-18mg-de-atmos-lab-9291158546699.html;LÍQUIDO NIC SALT Nutacco de Atmos Lab;4,95 €;https://elcigarroelectronico.com/16566-large_default/nutacco-mist-en-salt-18mg-de-atmos-lab.jpg;elcigarroelectronico3/nutacco-mist-en-salt-18mg-de-atmos-lab.jpg
elcigarroelectronico3;https://elcigarroelectronico.com/halo-premium-e-liquido/5395-27299-liquido-tribeca-cherry-de-halo-50ml-4376409593969.html;LÍQUIDO Tribeca Cherry de Halo 50ml;18,95 €;https://elcigarroelectronico.com/15921-large_default/liquido-tribeca-cherry-de-halo-50ml.jpg;elcigarroelectronico3/liquido-tribeca-cherry-de-halo-50ml.jpg
elcigarroelectronico3;https://elcigarroelectronico.com/atmos-lab-salts/4166-25710-bebeca-mist-en-salt-18mg-de-atmos-lab-8645495320671.html;LÍQUIDO NIC SALT Bebeca de Atmos Lab;4,95 €;https://elcigarroelectronico.com/12439-large_default/bebeca-mist-en-salt-18mg-de-atmos-lab.jpg;elcigarroelectronico3/bebeca-mist-en-salt-18mg-de-atmos-lab.jpg
elcigarroelectronico3;https://elcigarroelectronico.com/drops-e-liquido/6636-29887-liquido-black-djinn-de-drops-10ml.html;LÍQUIDO Black Djinn de Drops 10ml;4,95 €;https://elcigarroelectronico.com/19140-large_default/liquido-black-djinn-de-drops-10ml.jpg;elcigarroelectronico3/liquido-black-djinn-de-drops-10ml.jpg
elcigarroelectronico3;https://elcigarroelectronico.com/drops-e-liquido/714-22569-route-66-drops-4563905401151.html;LÍQUIDO Route 66 de Drops 50ml;17,95 €;https://elcigarroelectronico.com/11371-large_default/route-66-drops.jpg;elcigarroelectronico3/route-66-drops.jpg
elcigarroelectronico3;https://elcigarroelectronico.com/halo-premium-e-liquido/446-21945-liquido-subzero-de-halo-50ml-3450857419529.html;LÍQUIDO SubZero de Halo 50ml;18,95 €;https://elcigarroelectronico.com/13146-large_default/liquido-subzero-de-halo-50ml.jpg;elcigarroelectronico3/liquido-subzero-de-halo-50ml.jpg
elcigarroelectronico3;https://elcigarroelectronico.com/drops-e-liquido/6632-29871-liquido-fausto-s-deal-de-drops-10ml.html;LÍQUIDO Fausto's Deal de Drops 10ml;4,95 €;https://elcigarroelectronico.com/19135-large_default/liquido-fausto-s-deal-de-drops-10ml.jpg;elcigarroelectronico3/liquido-fausto-s-deal-de-drops-10ml.jpg
elcigarroelectronico3;https://elcigarroelectronico.com/drops-e-liquido/6209-28840-liquido-magic-fabula-juice-de-drops-50ml-6512685503201.html;LÍQUIDO Magic Fabula Juice de Drops 50ml;10,95 €;https://elcigarroelectronico.com/18121-large_default/liquido-magic-fabula-juice-de-drops-50ml.jpg;elcigarroelectronico3/liquido-magic-fabula-juice-de-drops-50ml.jpg
elcigarroelectronico3;https://elcigarroelectronico.com/drops-e-liquido/930-22574-liquido-valkyrie-s-bounty-de-drops-4875377649444.html;LÍQUIDO Valkyrie's Bounty de Drops 50ml;17,95 €;https://elcigarroelectronico.com/11374-large_default/liquido-valkyrie-s-bounty-de-drops.jpg;elcigarroelectronico3/liquido-valkyrie-s-bounty-de-drops.jpg
elcigarroelectronico3;https://elcigarroelectronico.com/drops-e-liquido/6634-29879-liquido-valkyrie-s-bounty-de-drops-10ml.html;LÍQUIDO Valkyrie's Bounty de Drops 10ml;4,95 €;https://elcigarroelectronico.com/19137-large_default/liquido-valkyrie-s-bounty-de-drops-10ml.jpg;elcigarroelectronico3/liquido-valkyrie-s-bounty-de-drops-10ml.jpg
elcigarroelectronico3;https://elcigarroelectronico.com/drops-e-liquido/6633-29875-liquido-route-66-de-drops-10ml.html;LÍQUIDO Route 66 de Drops 10ml;4,95 €;https://elcigarroelectronico.com/19136-large_default/liquido-route-66-de-drops-10ml.jpg;elcigarroelectronico3/liquido-route-66-de-drops-10ml.jpg
elcigarroelectronico3;https://elcigarroelectronico.com/drops-e-liquido/929-22572-faustos-deal-drops-6665253383108.html;LÍQUIDO Fausto's Deal de Drops 50ml SHORTFILL;17,95 €;https://elcigarroelectronico.com/11373-large_default/faustos-deal-drops.jpg;elcigarroelectronico3/faustos-deal-drops.jpg
elcigarroelectronico3;https://elcigarroelectronico.com/drops-e-liquido/712-22571-black-djinn-drops-2272089477624.html;LÍQUIDO Black Djinn de Drops 50ml;17,95 €;https://elcigarroelectronico.com/11369-large_default/black-djinn-drops.jpg;elcigarroelectronico3/black-djinn-drops.jpg
elcigarroelectronico3;https://elcigarroelectronico.com/drops-e-liquido/6870-30428-liquido-american-luxury-reserve-edicion-limitada-de-drops-100ml-shortfill.html;LÍQUIDO American Luxury Reserve Edición Limitada de Drops 100ml Shortfill;19,95 €;https://elcigarroelectronico.com/19517-large_default/liquido-american-luxury-reserve-edicion-limitada-de-drops-100ml-shortfill.jpg;elcigarroelectronico3/liquido-american-luxury-reserve-edicion-limitada-de-drops-100ml-shortfill.jpg
elcigarroelectronico3;https://elcigarroelectronico.com/drops-e-liquido/5788-28031-liquido-fausto-s-deal-reserve-limited-edition-drops-2158592678607.html;Líquido Fausto's Deal Reserve (Limited Edition) de Drops;17,95 €;https://elcigarroelectronico.com/17019-large_default/liquido-fausto-s-deal-reserve-limited-edition-drops.jpg;elcigarroelectronico3/liquido-fausto-s-deal-reserve-limited-edition-drops.jpg
elcigarroelectronico3;https://elcigarroelectronico.com/drops-e-liquido/5713-27877-liquido-new-alexander-de-drops-50ml-7410007230936.html;LÍQUIDO Alexander NEW de DROPS 50ml;17,95 €;https://elcigarroelectronico.com/16801-large_default/liquido-new-alexander-de-drops-50ml.jpg;elcigarroelectronico3/liquido-new-alexander-de-drops-50ml.jpg
elcigarroelectronico3;https://elcigarroelectronico.com/halo-premium-e-liquido/6680-29997-liquido-tribeca-de-halo-10ml.html;LÍQUIDO Tribeca de Halo 10ml;4,95 €;https://elcigarroelectronico.com/19177-large_default/liquido-tribeca-de-halo-10ml.jpg;elcigarroelectronico3/liquido-tribeca-de-halo-10ml.jpg
elcigarroelectronico3;https://elcigarroelectronico.com/halo-premium-e-liquido/451-22007-liquido-halo-turkish-tobacco-3574385223912.html;LÍQUIDO Turkish Tobacco de Halo 50ml;18,95 €;https://elcigarroelectronico.com/13145-large_default/liquido-halo-turkish-tobacco.jpg;elcigarroelectronico3/liquido-halo-turkish-tobacco.jpg
