elcigarroelectronico3;https://elcigarroelectronico.com/pachamama-salts/4886-25976-liquido-nic-salt-apple-tobacco-de-pachamama-10ml-5884070838801.html;LÍQUIDO NIC SALT Apple Tobacco de Pachamama 10ml;5,25 €;https://elcigarroelectronico.com/15748-large_default/liquido-nic-salt-apple-tobacco-de-pachamama-10ml.jpg;elcigarroelectronico3/liquido-nic-salt-apple-tobacco-de-pachamama-10ml.jpg
elcigarroelectronico3;https://elcigarroelectronico.com/the-mind-flayer-salts/6727-30179-liquido-nic-salt-atemporal-fruity-de-the-mind-flayer-bombo-10ml.html;LÍQUIDO NIC SALT Atemporal Fruity de The Mind Flayer & Bombo 10ml;5,25 €;https://elcigarroelectronico.com/19254-large_default/liquido-nic-salt-atemporal-fruity-de-the-mind-flayer-bombo-10ml.jpg;elcigarroelectronico3/liquido-nic-salt-atemporal-fruity-de-the-mind-flayer-bombo-10ml.jpg
elcigarroelectronico3;https://elcigarroelectronico.com/viper-salts/6568-29580-liquido-nic-salt-bananaco-de-viper-vap-the-fuck-10ml.html;LÍQUIDO NIC SALT Bananaco de Viper & Vap The Fuck 10ml;5,00 €;https://elcigarroelectronico.com/18921-large_default/liquido-nic-salt-bananaco-de-viper-vap-the-fuck-10ml.jpg;elcigarroelectronico3/liquido-nic-salt-bananaco-de-viper-vap-the-fuck-10ml.jpg
elcigarroelectronico3;https://elcigarroelectronico.com/the-mind-flayer-salts/6726-30176-liquido-nic-salt-atemporal-de-the-mind-flyer-bombo-10ml.html;LÍQUIDO NIC SALT Atemporal de The Mind Flyer & Bombo 10ml;5,25 €;https://elcigarroelectronico.com/19253-large_default/liquido-nic-salt-atemporal-de-the-mind-flyer-bombo-10ml.jpg;elcigarroelectronico3/liquido-nic-salt-atemporal-de-the-mind-flyer-bombo-10ml.jpg
elcigarroelectronico3;https://elcigarroelectronico.com/the-mind-flayer-salts/6728-30180-liquido-nic-salt-atemporal-dessert-de-the-mind-flayer-bombo-10ml.html;LÍQUIDO NIC SALT Atemporal Dessert de The Mind Flayer & Bombo 10ml;5,25 €;https://elcigarroelectronico.com/19255-large_default/liquido-nic-salt-atemporal-dessert-de-the-mind-flayer-bombo-10ml.jpg;elcigarroelectronico3/liquido-nic-salt-atemporal-dessert-de-the-mind-flayer-bombo-10ml.jpg
elcigarroelectronico3;https://elcigarroelectronico.com/oil4vap-salts/5297-pack-aroma-granada-nikovaps-salt-de-oil4vap-8154274723492.html;PACK Aroma Granada + NikoVaps SALT de Oil4Vap;7,00 €;https://elcigarroelectronico.com/15677-large_default/pack-aroma-granada-nikovaps-salt-de-oil4vap.jpg;elcigarroelectronico3/pack-aroma-granada-nikovaps-salt-de-oil4vap.jpg
elcigarroelectronico3;https://elcigarroelectronico.com/oil4vap-salts/5296-pack-aroma-virginia-nikovaps-salt-de-oil4vap-7934948988256.html;PACK Aroma Virginia + NikoVaps SALT de Oil4Vap;7,00 €;https://elcigarroelectronico.com/15675-large_default/pack-aroma-virginia-nikovaps-salt-de-oil4vap.jpg;elcigarroelectronico3/pack-aroma-virginia-nikovaps-salt-de-oil4vap.jpg
elcigarroelectronico3;https://elcigarroelectronico.com/oil4vap-salts/5299-pack-aroma-sorbet-nikovaps-salt-de-oil4vap-5075012776064.html;PACK Aroma Sorbet + NikoVaps SALT de Oil4Vap;7,00 €;https://elcigarroelectronico.com/15682-large_default/pack-aroma-sorbet-nikovaps-salt-de-oil4vap.jpg;elcigarroelectronico3/pack-aroma-sorbet-nikovaps-salt-de-oil4vap.jpg
elcigarroelectronico3;https://elcigarroelectronico.com/t-juice-salts/5092-26481-liquido-nic-salt-red-astaire-tjuice-10ml-3803923334927.html;LÍQUIDO NIC SALT Red Astaire de Tjuice 10ml;4,95 €;https://elcigarroelectronico.com/15118-large_default/liquido-nic-salt-red-astaire-tjuice-10ml.jpg;elcigarroelectronico3/liquido-nic-salt-red-astaire-tjuice-10ml.jpg
elcigarroelectronico3;https://elcigarroelectronico.com/inicio/5298-pack-aroma-yakuza-nikovaps-salt-de-oil4vap-1228165384387.html;PACK Aroma Yakuza + NikoVaps SALT de Oil4Vap;7,00 €;https://elcigarroelectronico.com/15678-large_default/pack-aroma-yakuza-nikovaps-salt-de-oil4vap.jpg;elcigarroelectronico3/pack-aroma-yakuza-nikovaps-salt-de-oil4vap.jpg
elcigarroelectronico3;https://elcigarroelectronico.com/ohf-salts/6964-30595-liquido-nic-salt-apple-de-ohf-10ml.html;LÍQUIDO NIC SALT Apple de OHF Salts 10ml;3,00 €;https://elcigarroelectronico.com/19714-large_default/liquido-nic-salt-apple-de-ohf-10ml.jpg;elcigarroelectronico3/liquido-nic-salt-apple-de-ohf-10ml.jpg
elcigarroelectronico3;https://elcigarroelectronico.com/twelve-monkeys-salts/5578-27654-liquido-nic-salt-hakuna-de-twelve-monkeys-10ml-8368188873864.html;LÍQUIDO NIC SALT Hakuna de Twelve Monkeys 10ml;5,50 €;https://elcigarroelectronico.com/16351-large_default/liquido-nic-salt-hakuna-de-twelve-monkeys-10ml.jpg;elcigarroelectronico3/liquido-nic-salt-hakuna-de-twelve-monkeys-10ml.jpg
elcigarroelectronico3;https://elcigarroelectronico.com/twelve-monkeys-salts/5580-27656-liquido-nic-salt-kanzi-de-twelve-monkeys-10ml-6576137370421.html;LÍQUIDO NIC SALT Kanzi de Twelve Monkeys 10ml;5,50 €;https://elcigarroelectronico.com/16353-large_default/liquido-nic-salt-kanzi-de-twelve-monkeys-10ml.jpg;elcigarroelectronico3/liquido-nic-salt-kanzi-de-twelve-monkeys-10ml.jpg
elcigarroelectronico3;https://elcigarroelectronico.com/twelve-monkeys-salts/5579-27655-liquido-nic-salt-harambae-de-twelve-monkeys-10ml-1585050825968.html;LÍQUIDO NIC SALT Harambae de Twelve Monkeys 10ml;5,50 €;https://elcigarroelectronico.com/16352-large_default/liquido-nic-salt-harambae-de-twelve-monkeys-10ml.jpg;elcigarroelectronico3/liquido-nic-salt-harambae-de-twelve-monkeys-10ml.jpg
elcigarroelectronico3;https://elcigarroelectronico.com/twelve-monkeys-salts/5581-27657-liquido-nic-salt-matata-de-twelve-monkeys-10ml-8829278782942.html;LÍQUIDO NIC SALT Matata de Twelve Monkeys 10ml;5,50 €;https://elcigarroelectronico.com/16354-large_default/liquido-nic-salt-matata-de-twelve-monkeys-10ml.jpg;elcigarroelectronico3/liquido-nic-salt-matata-de-twelve-monkeys-10ml.jpg
elcigarroelectronico3;https://elcigarroelectronico.com/nasty-salts/4785-26465-liquido-nic-salt-asap-grape-nasty-juice-8631275091329.html;LÍQUIDO NIC SALT Asap Grape de Nasty Juice 10ml;5,00 €;https://elcigarroelectronico.com/14361-large_default/liquido-nic-salt-asap-grape-nasty-juice.jpg;elcigarroelectronico3/liquido-nic-salt-asap-grape-nasty-juice.jpg
elcigarroelectronico3;https://elcigarroelectronico.com/mad-hatter-i-love-salts/4255-24216-liquido-nic-salt-juicy-apples-de-mad-hatter-i-love-2694059037605.html;LÍQUIDO NIC SALT Juicy Apples Mad Hatter 10ml;5,50 €;https://elcigarroelectronico.com/12699-large_default/liquido-nic-salt-juicy-apples-de-mad-hatter-i-love.jpg;elcigarroelectronico3/liquido-nic-salt-juicy-apples-de-mad-hatter-i-love.jpg
elcigarroelectronico3;https://elcigarroelectronico.com/mad-hatter-i-love-salts/4256-24217-liquido-nic-salt-spearmint-gum-de-mad-hatter-i-love-7166327917940.html;LÍQUIDO NIC SALT Spearmint Gum Mad Hatter 10ml;5,50 €;https://elcigarroelectronico.com/12702-large_default/liquido-nic-salt-spearmint-gum-de-mad-hatter-i-love.jpg;elcigarroelectronico3/liquido-nic-salt-spearmint-gum-de-mad-hatter-i-love.jpg
elcigarroelectronico3;https://elcigarroelectronico.com/justfog/4080-23898-minifit-370mah-de-justfog-2068532020789.html;KIT POD Minifit 370mAh de Justfog;18,95 €;https://elcigarroelectronico.com/12118-large_default/minifit-370mah-de-justfog.jpg;elcigarroelectronico3/minifit-370mah-de-justfog.jpg
elcigarroelectronico3;https://elcigarroelectronico.com/mad-hatter-i-love-salts/4961-26140-liquido-nic-salt-blue-raspberry-ice-mad-hatter-4389407965355.html;LÍQUIDO NIC SALT Blue Raspberry ICE de Mad Hatter 10ml;5,50 €;https://elcigarroelectronico.com/14764-large_default/liquido-nic-salt-blue-raspberry-ice-mad-hatter.jpg;elcigarroelectronico3/liquido-nic-salt-blue-raspberry-ice-mad-hatter.jpg
elcigarroelectronico3;https://elcigarroelectronico.com/mad-hatter-i-love-salts/4263-24225-liquido-nic-salt-sweet-tobacco-de-mad-hatter-i-love-8621575739236.html;LÍQUIDO NIC SALT Sweet Tobacco Mad Hatter 10ml;5,50 €;https://elcigarroelectronico.com/12710-large_default/liquido-nic-salt-sweet-tobacco-de-mad-hatter-i-love.jpg;elcigarroelectronico3/liquido-nic-salt-sweet-tobacco-de-mad-hatter-i-love.jpg
elcigarroelectronico3;https://elcigarroelectronico.com/mad-hatter-i-love-salts/4266-24227-liquido-nic-salt-tropic-mango-de-mad-hatter-i-love-6124047865157.html;LÍQUIDO NIC SALT Tropic Mango Mad Hatter 10ml;5,50 €;https://elcigarroelectronico.com/12718-large_default/liquido-nic-salt-tropic-mango-de-mad-hatter-i-love.jpg;elcigarroelectronico3/liquido-nic-salt-tropic-mango-de-mad-hatter-i-love.jpg
elcigarroelectronico3;https://elcigarroelectronico.com/viper/5969-28398-liquido-baklava-de-viper-50ml-8231307691895.html;LÍQUIDO Baklava de Viper 50ml;10,80 €;https://elcigarroelectronico.com/17494-large_default/liquido-baklava-de-viper-50ml.jpg;elcigarroelectronico3/liquido-baklava-de-viper-50ml.jpg
elcigarroelectronico3;https://elcigarroelectronico.com/oil4vap/5261-26925-base-ultrarrapida-fast4vap-20pdo-80vg-de-oil4vap-4325479483236.html;BASE Ultrarrápida Fast4Vap 20PDO / 80VG de Oil4Vap;3,50 €;https://elcigarroelectronico.com/15877-large_default/base-ultrarrapida-fast4vap-20pdo-80vg-de-oil4vap.jpg;elcigarroelectronico3/base-ultrarrapida-fast4vap-20pdo-80vg-de-oil4vap.jpg
elcigarroelectronico3;https://elcigarroelectronico.com/viper/5968-28397-liquido-abused-de-viper-50ml-5988194406967.html;LÍQUIDO Abused de Viper 50ml;10,80 €;https://elcigarroelectronico.com/17493-large_default/liquido-abused-de-viper-50ml.jpg;elcigarroelectronico3/liquido-abused-de-viper-50ml.jpg
elcigarroelectronico3;https://elcigarroelectronico.com/oil4vap/5262-26926-base-fast4vap-50pg-50vg-de-oil4vap-3355625579132.html;BASE Ultrarrápida Fast4Vap 50PDO / 50VG de Oil4Vap;3,50 €;https://elcigarroelectronico.com/15876-large_default/base-fast4vap-50pg-50vg-de-oil4vap.jpg;elcigarroelectronico3/base-fast4vap-50pg-50vg-de-oil4vap.jpg
elcigarroelectronico3;https://elcigarroelectronico.com/mondo-salts/5879-28222-liquido-nic-salt-pink-watermelon-de-mondo-10ml-3910792628306.html;LÍQUIDO NIC SALT Pink Watermelon de Mondo 10ml;4,95 €;https://elcigarroelectronico.com/17272-large_default/liquido-nic-salt-pink-watermelon-de-mondo-10ml.jpg;elcigarroelectronico3/liquido-nic-salt-pink-watermelon-de-mondo-10ml.jpg
elcigarroelectronico3;https://elcigarroelectronico.com/mondo-salts/5882-28225-liquido-nic-salt-classic-blend-de-mondo-10ml-3994366331021.html;LÍQUIDO NIC SALT Classic Blend de Mondo 10ml;4,95 €;https://elcigarroelectronico.com/17275-large_default/liquido-nic-salt-classic-blend-de-mondo-10ml.jpg;elcigarroelectronico3/liquido-nic-salt-classic-blend-de-mondo-10ml.jpg
elcigarroelectronico3;https://elcigarroelectronico.com/mondo-salts/5881-28224-liquido-nic-salt-nutty-blend-de-mondo-10ml-1103021902960.html;LÍQUIDO NIC SALT Nutty Blend de Mondo 10ml;4,95 €;https://elcigarroelectronico.com/17274-large_default/liquido-nic-salt-nutty-blend-de-mondo-10ml.jpg;elcigarroelectronico3/liquido-nic-salt-nutty-blend-de-mondo-10ml.jpg
elcigarroelectronico3;https://elcigarroelectronico.com/mondo-salts/5880-28223-liquido-nic-salt-hazel-choc-wafer-de-mondo-10ml-5495421341620.html;LÍQUIDO NIC SALT Hazel-Choc Wafer de Mondo 10ml;4,95 €;https://elcigarroelectronico.com/17273-large_default/liquido-nic-salt-hazel-choc-wafer-de-mondo-10ml.jpg;elcigarroelectronico3/liquido-nic-salt-hazel-choc-wafer-de-mondo-10ml.jpg
elcigarroelectronico3;https://elcigarroelectronico.com/smok/5111-26683-kit-novo-2-de-smok-3206039909278.html;KIT POD Novo 2 de Smok;24,95 €;https://elcigarroelectronico.com/15291-large_default/kit-novo-2-de-smok.jpg;elcigarroelectronico3/kit-novo-2-de-smok.jpg
elcigarroelectronico3;https://elcigarroelectronico.com/mono-salts/5316-27088-liquido-nic-salt-big-molly-de-mono-salts-10ml-3806610419419.html;LÍQUIDO NIC SALT Big Molly de Mono Salts 10ml;4,95 €;https://elcigarroelectronico.com/15715-large_default/liquido-nic-salt-big-molly-de-mono-salts-10ml.jpg;elcigarroelectronico3/liquido-nic-salt-big-molly-de-mono-salts-10ml.jpg
elcigarroelectronico3;https://elcigarroelectronico.com/mono-salts/5325-27103-liquido-nic-salt-mamma-queen-de-mono-salts-10ml-8729303856382.html;LÍQUIDO NIC SALT Mamma Queen de Mono Salts 10ml;4,95 €;https://elcigarroelectronico.com/15728-large_default/liquido-nic-salt-mamma-queen-de-mono-salts-10ml.jpg;elcigarroelectronico3/liquido-nic-salt-mamma-queen-de-mono-salts-10ml.jpg
elcigarroelectronico3;https://elcigarroelectronico.com/mono-salts/5317-27090-liquido-nic-salt-lady-frida-de-mono-salts-10ml-9279050296171.html;LÍQUIDO NIC SALT Lady Frida de Mono Salts 10ml;4,95 €;https://elcigarroelectronico.com/15716-large_default/liquido-nic-salt-lady-frida-de-mono-salts-10ml.jpg;elcigarroelectronico3/liquido-nic-salt-lady-frida-de-mono-salts-10ml.jpg
elcigarroelectronico3;https://elcigarroelectronico.com/mono-salts/5334-27109-liquido-nic-salt-milky-way-de-mono-salts-10ml-4579269769608.html;LÍQUIDO NIC SALT Milky Way de Mono Salts 10ml;4,95 €;https://elcigarroelectronico.com/15737-large_default/liquido-nic-salt-milky-way-de-mono-salts-10ml.jpg;elcigarroelectronico3/liquido-nic-salt-milky-way-de-mono-salts-10ml.jpg
elcigarroelectronico3;https://elcigarroelectronico.com/justfog/5858-28184-kit-pod-minifit-max-de-justfog-4501577238552.html;KIT POD Minifit MAX de Justfog;22,00 €;https://elcigarroelectronico.com/17238-large_default/kit-pod-minifit-max-de-justfog.jpg;elcigarroelectronico3/kit-pod-minifit-max-de-justfog.jpg
elcigarroelectronico3;https://elcigarroelectronico.com/viper/6841-30370-liquido-hentai-de-viper-50ml.html;LÍQUIDO Hentai de Viper 50ml;10,80 €;https://elcigarroelectronico.com/19459-large_default/liquido-hentai-de-viper-50ml.jpg;elcigarroelectronico3/liquido-hentai-de-viper-50ml.jpg
elcigarroelectronico3;https://elcigarroelectronico.com/mono-salts/5335-27110-liquido-nic-salt-monkey-road-de-mono-salts-10ml-0967974271624.html;LÍQUIDO NIC SALT Monkey Road de Mono Salts 10ml;4,95 €;https://elcigarroelectronico.com/15738-large_default/liquido-nic-salt-monkey-road-de-mono-salts-10ml.jpg;elcigarroelectronico3/liquido-nic-salt-monkey-road-de-mono-salts-10ml.jpg
elcigarroelectronico3;https://elcigarroelectronico.com/oil4vap/5385-27747-base-ultrarrapida-fast4vap-30pdo-70vg-de-oil4vap-3302973033861.html;BASE Ultrarrápida Fast4Vap 30PDO / 70VG de Oil4Vap;21,95 €;https://elcigarroelectronico.com/15896-large_default/base-ultrarrapida-fast4vap-30pdo-70vg-de-oil4vap.jpg;elcigarroelectronico3/base-ultrarrapida-fast4vap-30pdo-70vg-de-oil4vap.jpg
elcigarroelectronico3;https://elcigarroelectronico.com/oil4vap/5175-29177-base-50pg-50vg-de-oil4vap-5916720828976.html;BASE 50PG / 50VG de Oil4Vap;2,75 €;https://elcigarroelectronico.com/15346-large_default/base-50pg-50vg-de-oil4vap.jpg;elcigarroelectronico3/base-50pg-50vg-de-oil4vap.jpg
elcigarroelectronico3;https://elcigarroelectronico.com/nicokits/1875-25686-nicokit-de-vap-fip-20pg-80vg-1900400677699.html;NICOKIT de Vap Fip 20PG / 80VG;1,25 €;https://elcigarroelectronico.com/19016-large_default/nicokit-de-vap-fip-20pg-80vg.jpg;elcigarroelectronico3/nicokit-de-vap-fip-20pg-80vg.jpg
elcigarroelectronico3;https://elcigarroelectronico.com/oil4vap/5174-26710-base-30pg-70vg-de-oil4vap-2781959641725.html;BASE 30PG / 70VG de Oil4Vap;2,75 €;https://elcigarroelectronico.com/15345-large_default/base-30pg-70vg-de-oil4vap.jpg;elcigarroelectronico3/base-30pg-70vg-de-oil4vap.jpg
elcigarroelectronico3;https://elcigarroelectronico.com/smok/6789-30281-kit-pod-nfix-pro-de-smok.html;POD MOD NFIX PRO de SMOK;29,95 €;https://elcigarroelectronico.com/19351-large_default/kit-pod-nfix-pro-de-smok.jpg;elcigarroelectronico3/kit-pod-nfix-pro-de-smok.jpg
elcigarroelectronico3;https://elcigarroelectronico.com/oil4vap/6920-30516-base-pg-free-50pdo-50vg-de-oil4vap.html;BASE PG FREE 50PDO / 50VG de Oil4Vap;12,95 €;https://elcigarroelectronico.com/19629-large_default/base-pg-free-50pdo-50vg-de-oil4vap.jpg;elcigarroelectronico3/base-pg-free-50pdo-50vg-de-oil4vap.jpg
elcigarroelectronico3;https://elcigarroelectronico.com/viper/5971-28399-liquido-bateman-de-viper-50ml-1712308693677.html;LÍQUIDO Bateman de Viper 50ml;11,60 €;https://elcigarroelectronico.com/17495-large_default/liquido-bateman-de-viper-50ml.jpg;elcigarroelectronico3/liquido-bateman-de-viper-50ml.jpg
elcigarroelectronico3;https://elcigarroelectronico.com/nicokits/1875-nicokit-de-vap-fip-20pg-80vg-1900400677699.html;NICOKIT de Vap Fip 20PG / 80VG;1,25 €;https://elcigarroelectronico.com/19016-large_default/nicokit-de-vap-fip-20pg-80vg.jpg;elcigarroelectronico3/nicokit-de-vap-fip-20pg-80vg.jpg
elcigarroelectronico3;https://elcigarroelectronico.com/viper/6787-30278-liquido-mochipas-de-viper-50ml-shortfill.html;LÍQUIDO Mochipas de Viper 50ml SHORTFILL;10,80 €;https://elcigarroelectronico.com/19348-large_default/liquido-mochipas-de-viper-50ml-shortfill.jpg;elcigarroelectronico3/liquido-mochipas-de-viper-50ml-shortfill.jpg
elcigarroelectronico3;https://elcigarroelectronico.com/smok/5137-26788-cartucho-novo-2-de-smok-2662591375417.html;CARTUCHO Novo 2 de Smok;3,95 €;https://elcigarroelectronico.com/15244-large_default/cartucho-novo-2-de-smok.jpg;elcigarroelectronico3/cartucho-novo-2-de-smok.jpg
elcigarroelectronico3;https://elcigarroelectronico.com/smok/6434-29246-kit-pod-solus-de-smok--1290337416653.html;KIT POD Solus de SMOK;15,95 €;https://elcigarroelectronico.com/18629-large_default/kit-pod-solus-de-smok-.jpg;elcigarroelectronico3/kit-pod-solus-de-smok-.jpg
elcigarroelectronico3;https://elcigarroelectronico.com/viper/6202-28822-liquido-bananaco-de-viper-vap-the-fuck-50ml-4199687626712.html;LÍQUIDO Bananaco de Viper & Vap The Fuck 50ml;12,60 €;https://elcigarroelectronico.com/18106-large_default/liquido-bananaco-de-viper-vap-the-fuck-50ml.jpg;elcigarroelectronico3/liquido-bananaco-de-viper-vap-the-fuck-50ml.jpg
elcigarroelectronico3;https://elcigarroelectronico.com/nicokits/6358-29550-nicokit-50vg50pg-de-vap-fip--2270500466820.html;NICOKIT 50VG/50PG de Vap Fip;1,25 €;https://elcigarroelectronico.com/18434-large_default/nicokit-50vg50pg-de-vap-fip-.jpg;elcigarroelectronico3/nicokit-50vg50pg-de-vap-fip-.jpg
elcigarroelectronico3;https://elcigarroelectronico.com/smok/6740-30213-kit-novo-4-mini-de-smok.html;KIT POD Novo 4 MINI de SMOK;32,95 €;https://elcigarroelectronico.com/19277-large_default/kit-novo-4-mini-de-smok.jpg;elcigarroelectronico3/kit-novo-4-mini-de-smok.jpg
elcigarroelectronico3;https://elcigarroelectronico.com/nicokits/4021-23544-nicokit-fusion-de-halo-5190032669346.html;NICOKIT Fusion 50VG / 50PG de Halo;1,50 €;https://elcigarroelectronico.com/19018-large_default/nicokit-fusion-de-halo.jpg;elcigarroelectronico3/nicokit-fusion-de-halo.jpg
elcigarroelectronico3;https://elcigarroelectronico.com/fundas-colgantes-y-soportes/5283-27019-funda-silicona-minifit-8053868636487.html;FUNDA de silicona Minifit de Justfog;2,95 €;https://elcigarroelectronico.com/15626-large_default/funda-silicona-minifit.jpg;elcigarroelectronico3/funda-silicona-minifit.jpg
elcigarroelectronico3;https://elcigarroelectronico.com/mono-salts/5914-28301-liquido-nic-salt-requiem-1-de-mono-juice-y-bombo-10ml-8951258664013.html;LÍQUIDO NIC SALT Requiem 1 de Mono Juice y Bombo 10ml;4,95 €;https://elcigarroelectronico.com/17379-large_default/liquido-nic-salt-requiem-1-de-mono-juice-y-bombo-10ml.jpg;elcigarroelectronico3/liquido-nic-salt-requiem-1-de-mono-juice-y-bombo-10ml.jpg
elcigarroelectronico3;https://elcigarroelectronico.com/justfog/4128-27732-cartucho-minifit-de-justfog-8497011410072.html;CARTUCHO MINIFIT de Justfog;3,50 €;https://elcigarroelectronico.com/12248-large_default/cartucho-minifit-de-justfog.jpg;elcigarroelectronico3/cartucho-minifit-de-justfog.jpg
elcigarroelectronico3;https://elcigarroelectronico.com/nicokits/6193-28811-nicokit-fast4vap-5050-de-oil4vap-8105525287966.html;NICOKIT Fast4Vap 50/50 DE Oil4Vap;1,50 €;https://elcigarroelectronico.com/19020-large_default/nicokit-fast4vap-5050-de-oil4vap.jpg;elcigarroelectronico3/nicokit-fast4vap-5050-de-oil4vap.jpg
elcigarroelectronico3;https://elcigarroelectronico.com/nicokits/6852-30387-nicokit-de-neovap-50vg50pg.html;NICOKIT de NeoVap 50VG/50PG;0,95 €;https://elcigarroelectronico.com/19473-large_default/nicokit-de-neovap-50vg50pg.jpg;elcigarroelectronico3/nicokit-de-neovap-50vg50pg.jpg
elcigarroelectronico3;https://elcigarroelectronico.com/atmos-lab-aromas/496-aroma-strawberry-atmos-lab-2536574206312.html;AROMA Strawberry de Atmos Lab 10ml;5,75 €;https://elcigarroelectronico.com/18961-large_default/aroma-strawberry-atmos-lab.jpg;elcigarroelectronico3/aroma-strawberry-atmos-lab.jpg
elcigarroelectronico3;https://elcigarroelectronico.com/nicokits/6851-30386-nicokit-de-bombo-50vg50pg.html;NICOKIT de Bombo 50VG/50PG;1,25 €;https://elcigarroelectronico.com/19472-large_default/nicokit-de-bombo-50vg50pg.jpg;elcigarroelectronico3/nicokit-de-bombo-50vg50pg.jpg
elcigarroelectronico3;https://elcigarroelectronico.com/nicokits/5996-28440-nicokit-de-sukka-nics-5050-5919196084143.html;NICOKIT de Sukka NICS 50VG/50PG;0,95 €;https://elcigarroelectronico.com/19019-large_default/nicokit-de-sukka-nics-5050.jpg;elcigarroelectronico3/nicokit-de-sukka-nics-5050.jpg
elcigarroelectronico3;https://elcigarroelectronico.com/smok/6788-30276-cartucho-vacio-para-nfix-pro-de-smok.html;CARTUCHO VACÍO para NFIX PRO de SMOK;2,50 €;https://elcigarroelectronico.com/19347-large_default/cartucho-vacio-para-nfix-pro-de-smok.jpg;elcigarroelectronico3/cartucho-vacio-para-nfix-pro-de-smok.jpg
elcigarroelectronico3;https://elcigarroelectronico.com/smok/5646-28703-cartucho-nfix-de-smok-3375890585591.html;CARTUCHO NFIX de Smok;4,50 €;https://elcigarroelectronico.com/16580-large_default/cartucho-nfix-de-smok.jpg;elcigarroelectronico3/cartucho-nfix-de-smok.jpg
elcigarroelectronico3;https://elcigarroelectronico.com/nicokits/5641-29582-nicokit-en-nic-salt-91-de-vapfip-3009485513903.html;NICOKIT en NIC SALT 9+1 50VG / 50PG de Vap Fip;1,50 €;https://elcigarroelectronico.com/19017-large_default/nicokit-en-nic-salt-91-de-vapfip.jpg;elcigarroelectronico3/nicokit-en-nic-salt-91-de-vapfip.jpg
elcigarroelectronico3;https://elcigarroelectronico.com/smok/5142-cartucho-vacio-rpm-40-de-smok-6394470748499.html;CARTUCHO VACÍO RPM 40 de Smok;5,50 €;https://elcigarroelectronico.com/15330-large_default/cartucho-vacio-rpm-40-de-smok.jpg;elcigarroelectronico3/cartucho-vacio-rpm-40-de-smok.jpg
elcigarroelectronico3;https://elcigarroelectronico.com/smok/6099-29119-resistencia-lp1-para-novo-4-de-smok-9025216214356.html;RESISTENCIA LP1 para Novo 4 de Smok;3,25 €;https://elcigarroelectronico.com/17819-large_default/resistencia-lp1-para-novo-4-de-smok.jpg;elcigarroelectronico3/resistencia-lp1-para-novo-4-de-smok.jpg
elcigarroelectronico3;https://elcigarroelectronico.com/fundas-colgantes-y-soportes/2975-estuche-grande-de-coil-master-7465037154035.html;ESTUCHE Grande de Coil Master;19,95 €;https://elcigarroelectronico.com/9258-large_default/estuche-grande-de-coil-master.jpg;elcigarroelectronico3/estuche-grande-de-coil-master.jpg
elcigarroelectronico3;https://elcigarroelectronico.com/smok/5051-26371-cartucho-trinity-alpha-smok-4623769926839.html;CARTUCHO para Trinity Alpha + 2 resistencias de Smok;6,65 €;https://elcigarroelectronico.com/14974-large_default/cartucho-trinity-alpha-smok.jpg;elcigarroelectronico3/cartucho-trinity-alpha-smok.jpg
elcigarroelectronico3;https://elcigarroelectronico.com/smok/5546-cartucho-vacio-para-pozz-x-0379396392960.html;CARTUCHO VACÍO para Pozz X de SMOK;2,95 €;https://elcigarroelectronico.com/16281-large_default/cartucho-vacio-para-pozz-x.jpg;elcigarroelectronico3/cartucho-vacio-para-pozz-x.jpg
elcigarroelectronico3;https://elcigarroelectronico.com/fundas-colgantes-y-soportes/2181-estuche-de-coil-master-7934665991928.html;ESTUCHE Kbag mini de Coil Master;9,95 €;https://elcigarroelectronico.com/6716-large_default/estuche-de-coil-master.jpg;elcigarroelectronico3/estuche-de-coil-master.jpg
elcigarroelectronico3;https://elcigarroelectronico.com/fundas-colgantes-y-soportes/4964-estuche-de-polipiel-para-mods-7997486628596.html;ESTUCHE de Polipiel para Mods;7,95 €;https://elcigarroelectronico.com/14780-large_default/estuche-de-polipiel-para-mods.jpg;elcigarroelectronico3/estuche-de-polipiel-para-mods.jpg
elcigarroelectronico3;https://elcigarroelectronico.com/smok/4816-25830-cartucho-mico-pod-de-smok-8510650941179.html;CARTUCHO Mico Pod de Smok;2,63 €;https://elcigarroelectronico.com/14437-large_default/cartucho-mico-pod-de-smok.jpg;elcigarroelectronico3/cartucho-mico-pod-de-smok.jpg
elcigarroelectronico3;https://elcigarroelectronico.com/fundas-colgantes-y-soportes/6908-colgante-universal.html;COLGANTE Universal;1,95 €;https://elcigarroelectronico.com/19591-large_default/colgante-universal.jpg;elcigarroelectronico3/colgante-universal.jpg
elcigarroelectronico3;https://elcigarroelectronico.com/fundas-colgantes-y-soportes/2111-17462-funda-coil-master-pbag-1776761552315.html;FUNDA para mods Pbag de Coil Master;7,95 €;https://elcigarroelectronico.com/6516-large_default/funda-coil-master-pbag.jpg;elcigarroelectronico3/funda-coil-master-pbag.jpg
elcigarroelectronico3;https://elcigarroelectronico.com/uwell/6614-29667-kit-pod-popreel-n1-de-uwell.html;KIT POD Popreel N1 de Uwell;21,95 €;https://elcigarroelectronico.com/19109-large_default/kit-pod-popreel-n1-de-uwell.jpg;elcigarroelectronico3/kit-pod-popreel-n1-de-uwell.jpg
elcigarroelectronico3;https://elcigarroelectronico.com/atmos-lab-aromas/4226-aroma-red-apple-de-atmos-lab-8363960576247.html;AROMA Red Apple de Atmos Lab 10ml;5,75 €;https://elcigarroelectronico.com/18939-large_default/aroma-red-apple-de-atmos-lab.jpg;elcigarroelectronico3/aroma-red-apple-de-atmos-lab.jpg
elcigarroelectronico3;https://elcigarroelectronico.com/geek-vape/6786-30329-kit-pod-wenax-m1-de-geek-vape-.html;KIT POD Wenax M1 de Geek Vape;21,50 €;https://elcigarroelectronico.com/19415-large_default/kit-pod-wenax-m1-de-geek-vape-.jpg;elcigarroelectronico3/kit-pod-wenax-m1-de-geek-vape-.jpg
elcigarroelectronico3;https://elcigarroelectronico.com/smok/4691-25430-resistencia-nord-de-smok-6587595539169.html;RESISTENCIA Nord de Smok;3,75 €;https://elcigarroelectronico.com/13973-large_default/resistencia-nord-de-smok.jpg;elcigarroelectronico3/resistencia-nord-de-smok.jpg
elcigarroelectronico3;https://elcigarroelectronico.com/otros/6802-30298-kit-pod-klypse-de-innokin.html;KIT POD Klypse de Innokin;21,00 €;https://elcigarroelectronico.com/19377-large_default/kit-pod-klypse-de-innokin.jpg;elcigarroelectronico3/kit-pod-klypse-de-innokin.jpg
elcigarroelectronico3;https://elcigarroelectronico.com/smok/6098-28622-cartucho-vacio-para-novo-4-de-smok-4622157686386.html;CARTUCHO VACÍO para Novo 4 de Smok;3,95 €;https://elcigarroelectronico.com/17818-large_default/cartucho-vacio-para-novo-4-de-smok.jpg;elcigarroelectronico3/cartucho-vacio-para-novo-4-de-smok.jpg
elcigarroelectronico3;https://elcigarroelectronico.com/smok/5397-27314-resistencia-rgc-de-smok-6072051534425.html;RESISTENCIA RGC de Smok;4,00 €;https://elcigarroelectronico.com/15925-large_default/resistencia-rgc-de-smok.jpg;elcigarroelectronico3/resistencia-rgc-de-smok.jpg
elcigarroelectronico3;https://elcigarroelectronico.com/smok/3297-21505-resistencias-smok-tfv12-prince-2709476351736.html;RESISTENCIA TFV12 PRINCE de Smok;4,25 €;https://elcigarroelectronico.com/10004-large_default/resistencias-smok-tfv12-prince.jpg;elcigarroelectronico3/resistencias-smok-tfv12-prince.jpg
elcigarroelectronico3;https://elcigarroelectronico.com/smok/6810-cartucho-vacio-para-rpm-5-de-smok.html;CARTUCHO VACÍO para RPM 5 de Smok;3,75 €;https://elcigarroelectronico.com/19387-large_default/cartucho-vacio-para-rpm-5-de-smok.jpg;elcigarroelectronico3/cartucho-vacio-para-rpm-5-de-smok.jpg
elcigarroelectronico3;https://elcigarroelectronico.com/smok/2168-18635-resistencia-tfv8-de-smok-0836709672589.html;RESISTENCIA TFV8 de Smok;3,88 €;https://elcigarroelectronico.com/7606-large_default/resistencia-tfv8-de-smok.jpg;elcigarroelectronico3/resistencia-tfv8-de-smok.jpg
elcigarroelectronico3;https://elcigarroelectronico.com/pachamama-aromas/4949-26098-aroma-the-mint-leaf-honeydew-berry-de-pachamama-1210713074543.html;AROMA  The Mint Leaf Honeydew Berry Kiwi de Pachamama 30ml;11,75 €;https://elcigarroelectronico.com/15755-large_default/aroma-the-mint-leaf-honeydew-berry-de-pachamama.jpg;elcigarroelectronico3/aroma-the-mint-leaf-honeydew-berry-de-pachamama.jpg
elcigarroelectronico3;https://elcigarroelectronico.com/smok/5471-rba-para-rgc-de-smok-5426217820494.html;RBA para RGC de SMOK;9,95 €;https://elcigarroelectronico.com/16068-large_default/rba-para-rgc-de-smok.jpg;elcigarroelectronico3/rba-para-rgc-de-smok.jpg
elcigarroelectronico3;https://elcigarroelectronico.com/fundas-colgantes-y-soportes/3259-21414-vape-bag-de-coil-master-8002171968105.html;BOLSA VBag de Coil Master;24,50 €;https://elcigarroelectronico.com/9919-large_default/vape-bag-de-coil-master.jpg;elcigarroelectronico3/vape-bag-de-coil-master.jpg
elcigarroelectronico3;https://elcigarroelectronico.com/fundas-colgantes-y-soportes/4996-funda-sky-solo-de-vapesoon-7260795668691.html;FUNDA Sky Solo de Vapesoon;2,95 €;https://elcigarroelectronico.com/14847-large_default/funda-sky-solo-de-vapesoon.jpg;elcigarroelectronico3/funda-sky-solo-de-vapesoon.jpg
elcigarroelectronico3;https://elcigarroelectronico.com/fundas-colgantes-y-soportes/1247-13953-istick-funda-silicona-50-8597257533112.html;FUNDA silicona Istick 50W de Eleaf;1,75 €;https://elcigarroelectronico.com/3992-large_default/istick-funda-silicona-50.jpg;elcigarroelectronico3/istick-funda-silicona-50.jpg
elcigarroelectronico3;https://elcigarroelectronico.com/fundas-colgantes-y-soportes/4764-funda-silicona-stick-prince-3070304859427.html;FUNDA silicona para Stick Prince/P25;1,48 €;https://elcigarroelectronico.com/14283-large_default/funda-silicona-stick-prince.jpg;elcigarroelectronico3/funda-silicona-stick-prince.jpg
elcigarroelectronico3;https://elcigarroelectronico.com/fundas-colgantes-y-soportes/3216-21299-funda-de-silicona-para-swag-de-vaporesso-7650165967644.html;FUNDA Silicona para Swag de Vaporesso;3,95 €;https://elcigarroelectronico.com/9816-large_default/funda-de-silicona-para-swag-de-vaporesso.jpg;elcigarroelectronico3/funda-de-silicona-para-swag-de-vaporesso.jpg
elcigarroelectronico3;https://elcigarroelectronico.com/atmos-lab-aromas/1774-aroma-watermelon-de-atmos-lab-10ml-2007419918665.html;AROMA Watermelon de Atmos Lab 10ml;5,75 €;https://elcigarroelectronico.com/18947-large_default/aroma-watermelon-de-atmos-lab-10ml.jpg;elcigarroelectronico3/aroma-watermelon-de-atmos-lab-10ml.jpg
elcigarroelectronico3;https://elcigarroelectronico.com/atmos-lab-aromas/532-aroma-atmos-lab-ry69-3099865885454.html;AROMA RY69 de Atmos Lab 10ml;5,75 €;https://elcigarroelectronico.com/18989-large_default/aroma-atmos-lab-ry69.jpg;elcigarroelectronico3/aroma-atmos-lab-ry69.jpg
elcigarroelectronico3;https://elcigarroelectronico.com/fundas-colgantes-y-soportes/5102-26525-funda-de-silicona-avp-de-aspire-7033533183851.html;FUNDA de silicona AVP de Aspire;2,95 €;https://elcigarroelectronico.com/15154-large_default/funda-de-silicona-avp-de-aspire.jpg;elcigarroelectronico3/funda-de-silicona-avp-de-aspire.jpg
elcigarroelectronico3;https://elcigarroelectronico.com/lost-vape/6301-28969-pod-mod-ursa-mini-de-lost-vape-4891144098062.html;POD MOD Ursa Mini de Lost Vape;29,95 €;https://elcigarroelectronico.com/18305-large_default/pod-mod-ursa-mini-de-lost-vape.jpg;elcigarroelectronico3/pod-mod-ursa-mini-de-lost-vape.jpg
elcigarroelectronico3;https://elcigarroelectronico.com/vaporesso/6826-30348-kit-pod-gen-air-40-de-vaporesso.html;KIT POD Gen Air 40 de Vaporesso;33,95 €;https://elcigarroelectronico.com/19434-large_default/kit-pod-gen-air-40-de-vaporesso.jpg;elcigarroelectronico3/kit-pod-gen-air-40-de-vaporesso.jpg
elcigarroelectronico3;https://elcigarroelectronico.com/kiwi/6529-30175-kit-pod-kiwi-pen-de-kiwi.html;KIT POD Kiwi Pen de Kiwi;31,95 €;https://elcigarroelectronico.com/19251-large_default/kit-pod-kiwi-pen-de-kiwi.jpg;elcigarroelectronico3/kit-pod-kiwi-pen-de-kiwi.jpg
elcigarroelectronico3;https://elcigarroelectronico.com/smok/2690-base-rba-r2-tfv4-micro-de-smok-5066177737892.html;BASE RBA R2 TFV4 Micro de Smok;6,48 €;https://elcigarroelectronico.com/8426-large_default/base-rba-r2-tfv4-micro-de-smok.jpg;elcigarroelectronico3/base-rba-r2-tfv4-micro-de-smok.jpg
elcigarroelectronico3;https://elcigarroelectronico.com/kits-electronicos/5617-30676-kylin-m-aio-de-vandy-vape-9116572267374.html;Kylin M AIO de Vandy vape;69,95 €;https://elcigarroelectronico.com/19784-large_default/kylin-m-aio-de-vandy-vape.jpg;elcigarroelectronico3/kylin-m-aio-de-vandy-vape.jpg
elcigarroelectronico3;https://elcigarroelectronico.com/smok/6809-30305-pod-mod-rpm-5-de-smok.html;POD MOD RPM 5 de Smok;49,95 €;https://elcigarroelectronico.com/19384-large_default/pod-mod-rpm-5-de-smok.jpg;elcigarroelectronico3/pod-mod-rpm-5-de-smok.jpg
elcigarroelectronico3;https://elcigarroelectronico.com/vaporesso/6251-28868-kit-pod-xros-mini-de-vaporesso-3446662795712.html;KIT POD Xros Mini de Vaporesso;23,95 €;https://elcigarroelectronico.com/18167-large_default/kit-pod-xros-mini-de-vaporesso.jpg;elcigarroelectronico3/kit-pod-xros-mini-de-vaporesso.jpg
elcigarroelectronico3;https://elcigarroelectronico.com/fundas-colgantes-y-soportes/3032-bolsa-grande-con-correa-de-hombro-de-vapor-pocket-3749822573732.html;BOLSA Grande con correa de hombro de Vapor Pocket;29,95 €;https://elcigarroelectronico.com/9386-large_default/bolsa-grande-con-correa-de-hombro-de-vapor-pocket.jpg;elcigarroelectronico3/bolsa-grande-con-correa-de-hombro-de-vapor-pocket.jpg
elcigarroelectronico3;https://elcigarroelectronico.com/pachamama-aromas/5434-27387-aroma-ice-fuji-apple-strawberry-nectarine-de-pachamama-2303962339644.html;AROMA ICE Fuji Apple Strawberry Nectarine de Pachamama 30ml;11,75 €;https://elcigarroelectronico.com/15991-large_default/aroma-ice-fuji-apple-strawberry-nectarine-de-pachamama.jpg;elcigarroelectronico3/aroma-ice-fuji-apple-strawberry-nectarine-de-pachamama.jpg
elcigarroelectronico3;https://elcigarroelectronico.com/pachamama-aromas/4947-26096-aroma-fuji-apple-strawberry-nectarine-de-pachamama-7209196132608.html;AROMA Fuji Apple Strawberry Nectarine de Pachamama 30ml;11,75 €;https://elcigarroelectronico.com/15756-large_default/aroma-fuji-apple-strawberry-nectarine-de-pachamama.jpg;elcigarroelectronico3/aroma-fuji-apple-strawberry-nectarine-de-pachamama.jpg
elcigarroelectronico3;https://elcigarroelectronico.com/smok/2756-19683-resistencia-spirals-smok-7508274917497.html;RESISTENCIA de Spirals de Smok;1,98 €;https://elcigarroelectronico.com/8604-large_default/resistencia-spirals-smok.jpg;elcigarroelectronico3/resistencia-spirals-smok.jpg
elcigarroelectronico3;https://elcigarroelectronico.com/kits-inicio-potente/4932-26073-kit-sky-solo-de-vaporesso-3228024113927.html;KIT Sky Solo de Vaporesso;24,95 €;https://elcigarroelectronico.com/14728-large_default/kit-sky-solo-de-vaporesso.jpg;elcigarroelectronico3/kit-sky-solo-de-vaporesso.jpg
elcigarroelectronico3;https://elcigarroelectronico.com/varios/972-adaptador-istick-20-bending-de-eleaf-9789844648913.html;ADAPTADOR Istick 20 bending de Eleaf;2,98 €;https://elcigarroelectronico.com/2944-large_default/adaptador-istick-20-bending-de-eleaf.jpg;elcigarroelectronico3/adaptador-istick-20-bending-de-eleaf.jpg
elcigarroelectronico3;https://elcigarroelectronico.com/atmos-lab-aromas/1033-aroma-nocciola-de-atmos-lab-10ml-8103948514904.html;AROMA Nocciola de Atmos Lab 10ml;5,75 €;https://elcigarroelectronico.com/18953-large_default/aroma-nocciola-de-atmos-lab-10ml.jpg;elcigarroelectronico3/aroma-nocciola-de-atmos-lab-10ml.jpg
elcigarroelectronico3;https://elcigarroelectronico.com/fundas-colgantes-y-soportes/1640-funda-cuero-egrip-oled-joyetech-9113306277432.html;FUNDA cuero eGrip Oled de Joyetech;4,25 €;https://elcigarroelectronico.com/5120-large_default/funda-cuero-egrip-oled-joyetech.jpg;elcigarroelectronico3/funda-cuero-egrip-oled-joyetech.jpg
elcigarroelectronico3;https://elcigarroelectronico.com/atmos-lab-aromas/523-aroma-cola-de-atmos-lab-10ml-9533973317598.html;AROMA Cola de Atmos Lab 10ml;5,75 €;https://elcigarroelectronico.com/18968-large_default/aroma-cola-de-atmos-lab-10ml.jpg;elcigarroelectronico3/aroma-cola-de-atmos-lab-10ml.jpg
elcigarroelectronico3;https://elcigarroelectronico.com/lost-vape/6734-30185-kit-pod-orion-mini-de-lost-vape.html;KIT POD Orion MINI de Lost Vape;29,50 €;https://elcigarroelectronico.com/19262-large_default/kit-pod-orion-mini-de-lost-vape.jpg;elcigarroelectronico3/kit-pod-orion-mini-de-lost-vape.jpg
elcigarroelectronico3;https://elcigarroelectronico.com/atmos-lab-aromas/515-aroma-apache-de-atmos-lab-10ml-2435536105185.html;AROMA Apache de Atmos Lab 10ml;5,75 €;https://elcigarroelectronico.com/18964-large_default/aroma-apache-de-atmos-lab-10ml.jpg;elcigarroelectronico3/aroma-apache-de-atmos-lab-10ml.jpg
elcigarroelectronico3;https://elcigarroelectronico.com/kiwi/6527-30174-kit-pod-kiwi-starter-kit-de-kiwi-.html;KIT POD Kiwi Starter Kit de Kiwi;69,95 €;https://elcigarroelectronico.com/19250-large_default/kit-pod-kiwi-starter-kit-de-kiwi-.jpg;elcigarroelectronico3/kit-pod-kiwi-starter-kit-de-kiwi-.jpg
elcigarroelectronico3;https://elcigarroelectronico.com/otrosadaptadores/6531-drip-tip-de-policarbonato-para-kiwi-pen.html;DRIP TIP de Policarbonato para Kiwi Pen;1,95 €;https://elcigarroelectronico.com/18820-large_default/drip-tip-de-policarbonato-para-kiwi-pen.jpg;elcigarroelectronico3/drip-tip-de-policarbonato-para-kiwi-pen.jpg
elcigarroelectronico3;https://elcigarroelectronico.com/otrosadaptadores/6532-filtros-de-algodon-para-kiwi-pen-de-kiwi-pack-20.html;FILTROS de Algodón para Kiwi Pen de Kiwi (Pack 20);4,25 €;https://elcigarroelectronico.com/18821-large_default/filtros-de-algodon-para-kiwi-pen-de-kiwi-pack-20.jpg;elcigarroelectronico3/filtros-de-algodon-para-kiwi-pen-de-kiwi-pack-20.jpg
elcigarroelectronico3;https://elcigarroelectronico.com/vaporesso/6294-29553-kit-pod-xros-2-de-vaporesso-8384571551225.html;KIT POD Xros 2 de Vaporesso;29,95 €;https://elcigarroelectronico.com/19026-large_default/kit-pod-xros-2-de-vaporesso.jpg;elcigarroelectronico3/kit-pod-xros-2-de-vaporesso.jpg
elcigarroelectronico3;https://elcigarroelectronico.com/vaporesso/5683-27979-cartucho-para-xros-de-vaporesso-9287723950114.html;CARTUCHO Xros de Vaporesso;3,75 €;https://elcigarroelectronico.com/16949-large_default/cartucho-para-xros-de-vaporesso.jpg;elcigarroelectronico3/cartucho-para-xros-de-vaporesso.jpg
elcigarroelectronico3;https://elcigarroelectronico.com/otros/5651-27767-kit-aegis-max-zeus-tank-de-geekvape-1913697272539.html;KIT Aegis Max + Zeus tank de GeekVape;69,95 €;https://elcigarroelectronico.com/16609-large_default/kit-aegis-max-zeus-tank-de-geekvape.jpg;elcigarroelectronico3/kit-aegis-max-zeus-tank-de-geekvape.jpg
elcigarroelectronico3;https://elcigarroelectronico.com/vaporesso/6422-29213-kit-target-100-itank-de-vaporesso-2573660000072.html;KIT Target 100 + iTank de Vaporesso;59,95 €;https://elcigarroelectronico.com/18597-large_default/kit-target-100-itank-de-vaporesso.jpg;elcigarroelectronico3/kit-target-100-itank-de-vaporesso.jpg
elcigarroelectronico3;https://elcigarroelectronico.com/kiwi/6530-cartucho-para-kiwi-pen-de-kiwi.html;CARTUCHO (PACK DE 3) para Kiwi Pen de Kiwi 1.8 ml;11,95 €;https://elcigarroelectronico.com/18819-large_default/cartucho-para-kiwi-pen-de-kiwi.jpg;elcigarroelectronico3/cartucho-para-kiwi-pen-de-kiwi.jpg
elcigarroelectronico3;https://elcigarroelectronico.com/pachamama-e-liquid/3243-21957-fuji-apple-strawberry-nectarine-de-pachamama-9439958976586.html;LÍQUIDO Fuji Apple Strawberry Nectarine de Pachamama 50ml;16,95 €;https://elcigarroelectronico.com/14124-large_default/fuji-apple-strawberry-nectarine-de-pachamama.jpg;elcigarroelectronico3/fuji-apple-strawberry-nectarine-de-pachamama.jpg
elcigarroelectronico3;https://elcigarroelectronico.com/eleaf/6337-29028-kit-mini-istick-2-gs-air-4-tank-de-eleaf-5062327768372.html;KIT Mini iStick 2 + GS Air 4 Tank de Eleaf;49,95 €;https://elcigarroelectronico.com/18398-large_default/kit-mini-istick-2-gs-air-4-tank-de-eleaf.jpg;elcigarroelectronico3/kit-mini-istick-2-gs-air-4-tank-de-eleaf.jpg
elcigarroelectronico3;https://elcigarroelectronico.com/eleaf/6600-29640-kit-istick-pico-le-75w-de-eleaf.html;KIT iStick Pico Le 75w + Claromizador GX de Eleaf;54,95 €;https://elcigarroelectronico.com/19084-large_default/kit-istick-pico-le-75w-de-eleaf.jpg;elcigarroelectronico3/kit-istick-pico-le-75w-de-eleaf.jpg
elcigarroelectronico3;https://elcigarroelectronico.com/smok/2507-19070-claromizador-spirals-tank-de-smok-0424565277064.html;CLAROMIZADOR Spirals Tank de Smok;22,95 €;https://elcigarroelectronico.com/7968-large_default/claromizador-spirals-tank-de-smok.jpg;elcigarroelectronico3/claromizador-spirals-tank-de-smok.jpg
elcigarroelectronico3;https://elcigarroelectronico.com/atmos-lab-aromas/1248-aroma-pineapple-de-atmos-lab-10ml-6917373696348.html;AROMA Pineapple de Atmos Lab 10ml;5,75 €;https://elcigarroelectronico.com/18952-large_default/aroma-pineapple-de-atmos-lab-10ml.jpg;elcigarroelectronico3/aroma-pineapple-de-atmos-lab-10ml.jpg
elcigarroelectronico3;https://elcigarroelectronico.com/atmos-lab-aromas/521-aroma-habana-de-atmos-lab-10ml-4236264126378.html;AROMA Habana de Atmos Lab 10ml;5,75 €;https://elcigarroelectronico.com/18965-large_default/aroma-habana-de-atmos-lab-10ml.jpg;elcigarroelectronico3/aroma-habana-de-atmos-lab-10ml.jpg
elcigarroelectronico3;https://elcigarroelectronico.com/otros/6736-30188-resistencia-para-ub-mini-de-lost-vape.html;RESISTENCIA para UB MINI de Lost Vape;2,75 €;https://elcigarroelectronico.com/19267-large_default/resistencia-para-ub-mini-de-lost-vape.jpg;elcigarroelectronico3/resistencia-para-ub-mini-de-lost-vape.jpg
elcigarroelectronico3;https://elcigarroelectronico.com/atmos-lab-aromas/518-aroma-atmos-lab-caramelo-3199815126139.html;AROMA Caramela de Atmos Lab 10ml;5,75 €;https://elcigarroelectronico.com/18977-large_default/aroma-atmos-lab-caramelo.jpg;elcigarroelectronico3/aroma-atmos-lab-caramelo.jpg
elcigarroelectronico3;https://elcigarroelectronico.com/atmos-lab-aromas/1032-aroma-peach-atmos-lab-10ml-1310117081731.html;AROMA Peach Atmos Lab 10ml;5,75 €;https://elcigarroelectronico.com/18954-large_default/aroma-peach-atmos-lab-10ml.jpg;elcigarroelectronico3/aroma-peach-atmos-lab-10ml.jpg
elcigarroelectronico3;https://elcigarroelectronico.com/lost-vape/6735-cartucho-vacio-para-orion-mini-de-lost-vape.html;CARTUCHO VACIO para Orion MINI de Lost Vape;3,75 €;https://elcigarroelectronico.com/19266-large_default/cartucho-vacio-para-orion-mini-de-lost-vape.jpg;elcigarroelectronico3/cartucho-vacio-para-orion-mini-de-lost-vape.jpg
elcigarroelectronico3;https://elcigarroelectronico.com/kiwi/6529-kit-pod-kiwi-pen-de-kiwi.html;KIT POD Kiwi Pen de Kiwi;31,95 €;https://elcigarroelectronico.com/19251-large_default/kit-pod-kiwi-pen-de-kiwi.jpg;elcigarroelectronico3/kit-pod-kiwi-pen-de-kiwi.jpg
elcigarroelectronico3;https://elcigarroelectronico.com/otrosadaptadores/3793-22862-drip-tip-para-ego-aio-eco-de-joyetech-5723708188164.html;DRIP TIP para eGo AIO ECO de Joyetech;2,95 €;https://elcigarroelectronico.com/11178-large_default/drip-tip-para-ego-aio-eco-de-joyetech.jpg;elcigarroelectronico3/drip-tip-para-ego-aio-eco-de-joyetech.jpg
elcigarroelectronico3;https://elcigarroelectronico.com/otrosadaptadores/2783-21661-adaptador-drip-tip-de-810-a-510-1591759794399.html;ADAPTADOR DRIP TIP de 810 a 510;3,50 €;https://elcigarroelectronico.com/8708-large_default/adaptador-drip-tip-de-810-a-510.jpg;elcigarroelectronico3/adaptador-drip-tip-de-810-a-510.jpg
elcigarroelectronico3;https://elcigarroelectronico.com/otrosadaptadores/1105-24402-drip-tip-chuff-enuff-8530413801786.html;DRIP TIP Chuff Enuff;1,48 €;https://elcigarroelectronico.com/12903-large_default/drip-tip-chuff-enuff.jpg;elcigarroelectronico3/drip-tip-chuff-enuff.jpg
elcigarroelectronico3;https://elcigarroelectronico.com/otrosadaptadores/3909-23239-drip-tip-para-nexus-de-vaporesso-5065186824647.html;DRIP TIP para Nexus de Vaporesso;1,95 €;https://elcigarroelectronico.com/11589-large_default/drip-tip-para-nexus-de-vaporesso.jpg;elcigarroelectronico3/drip-tip-para-nexus-de-vaporesso.jpg
elcigarroelectronico3;https://elcigarroelectronico.com/vaporesso/5755-27960-kit-gen-x-nrg-s-mini-de-vaporesso-8019119738607.html;KIT GEN X + NRG-S MINI de Vaporesso;84,95 €;https://elcigarroelectronico.com/16902-large_default/kit-gen-x-nrg-s-mini-de-vaporesso.jpg;elcigarroelectronico3/kit-gen-x-nrg-s-mini-de-vaporesso.jpg
elcigarroelectronico3;https://elcigarroelectronico.com/eleaf/6390-29150-kit-isolo-s-gx-tank-de-eleaf-1670102235762.html;KIT iSolo S + GX Tank de Eleaf;49,95 €;https://elcigarroelectronico.com/18517-large_default/kit-isolo-s-gx-tank-de-eleaf.jpg;elcigarroelectronico3/kit-isolo-s-gx-tank-de-eleaf.jpg
elcigarroelectronico3;https://elcigarroelectronico.com/vaporesso/5737-29625-kit-luxe-2-nrg-s-de-vaporesso-5561559768391.html;KIT Luxe 2 + NRG-S de Vaporesso;79,95 €;https://elcigarroelectronico.com/19069-large_default/kit-luxe-2-nrg-s-de-vaporesso.jpg;elcigarroelectronico3/kit-luxe-2-nrg-s-de-vaporesso.jpg
elcigarroelectronico3;https://elcigarroelectronico.com/eleaf/6246-29434-kit-isolo-air-de-eleaf-8858386213543.html;KIT iSOLO Air de Eleaf;36,95 €;https://elcigarroelectronico.com/18875-large_default/kit-isolo-air-de-eleaf.jpg;elcigarroelectronico3/kit-isolo-air-de-eleaf.jpg
elcigarroelectronico3;https://elcigarroelectronico.com/vaporesso/5536-27572-kit-gtx-one-con-gtx-tank-18-de-vaporesso-2166317687360.html;KIT GTX One + GTX 18 de Vaporesso;35,95 €;https://elcigarroelectronico.com/16264-large_default/kit-gtx-one-con-gtx-tank-18-de-vaporesso.jpg;elcigarroelectronico3/kit-gtx-one-con-gtx-tank-18-de-vaporesso.jpg
elcigarroelectronico3;https://elcigarroelectronico.com/smok/5725-27898-claromizador-tfv9-de-smok-4488389100874.html;CLAROMIZADOR TFV9 de Smok;29,50 €;https://elcigarroelectronico.com/16838-large_default/claromizador-tfv9-de-smok.jpg;elcigarroelectronico3/claromizador-tfv9-de-smok.jpg
elcigarroelectronico3;https://elcigarroelectronico.com/smok/4379-24546-claromizador-tfv-mini-v2-de-smok-9359244038357.html;CLAROMIZADOR TFV-Mini V2 de Smok;29,95 €;https://elcigarroelectronico.com/13041-large_default/claromizador-tfv-mini-v2-de-smok.jpg;elcigarroelectronico3/claromizador-tfv-mini-v2-de-smok.jpg
elcigarroelectronico3;https://elcigarroelectronico.com/atmos-lab-aromas/5322-aroma-dulce-de-leche-atmos-lab-3442921792157.html;AROMA Dulce de Leche Atmos Lab;5,75 €;https://elcigarroelectronico.com/18990-large_default/aroma-dulce-de-leche-atmos-lab.jpg;elcigarroelectronico3/aroma-dulce-de-leche-atmos-lab.jpg
elcigarroelectronico3;https://elcigarroelectronico.com/otros/5124-26580-resistencia-lyra-de-lost-vape-8124937890090.html;RESISTENCIA Lyra de Lost Vape;1,88 €;https://elcigarroelectronico.com/15212-large_default/resistencia-lyra-de-lost-vape.jpg;elcigarroelectronico3/resistencia-lyra-de-lost-vape.jpg
elcigarroelectronico3;https://elcigarroelectronico.com/otros/2060-resistencia-cerabis-de-ceravape-3034989279697.html;RESISTENCIA Cerabis de CeraVape;2,48 €;https://elcigarroelectronico.com/6374-large_default/resistencia-cerabis-de-ceravape.jpg;elcigarroelectronico3/resistencia-cerabis-de-ceravape.jpg
elcigarroelectronico3;https://elcigarroelectronico.com/otros/2563-19327-resistencia-reux-mini-amor-mini-de-wismec-3160042553203.html;RESISTENCIA Reux Mini / Amor Mini de Wismec;1,63 €;https://elcigarroelectronico.com/8140-large_default/resistencia-reux-mini-amor-mini-de-wismec.jpg;elcigarroelectronico3/resistencia-reux-mini-amor-mini-de-wismec.jpg
elcigarroelectronico3;https://elcigarroelectronico.com/lost-vape/5414-27559-cartucho-vacio-pod-para-orion-q-ultra-de-lost-vape-9653610214599.html;CARTUCHO VACÍO Pod para Orion Q-ULTRA de Lost Vape;4,95 €;https://elcigarroelectronico.com/15959-large_default/cartucho-vacio-pod-para-orion-q-ultra-de-lost-vape.jpg;elcigarroelectronico3/cartucho-vacio-pod-para-orion-q-ultra-de-lost-vape.jpg
elcigarroelectronico3;https://elcigarroelectronico.com/vaporesso/3391-deposito-pyrex-nrg-s-mini-0689595369626.html;DEPÓSITO PYREX NRG Mini y NRG-S Mini (2ml) de Vaporesso;3,95 €;https://elcigarroelectronico.com/10252-large_default/deposito-pyrex-nrg-s-mini.jpg;elcigarroelectronico3/deposito-pyrex-nrg-s-mini.jpg
elcigarroelectronico3;https://elcigarroelectronico.com/lost-vape/4457-24737-cartucho-pod-kit-orion-dna-go-2ml-lost-vape-1090967040507.html;CARTUCHO POD para Kit Orion DNA Go 2ml de Lost Vape;7,25 €;https://elcigarroelectronico.com/13194-large_default/cartucho-pod-kit-orion-dna-go-2ml-lost-vape.jpg;elcigarroelectronico3/cartucho-pod-kit-orion-dna-go-2ml-lost-vape.jpg
elcigarroelectronico3;https://elcigarroelectronico.com/lost-vape/5897-28271-cartucho-vacio-para-ursa-quest-multi-de-lost-vape-1552502801641.html;CARTUCHO VACÍO para Ursa Quest Multi de Lost Vape;5,50 €;https://elcigarroelectronico.com/17327-large_default/cartucho-vacio-para-ursa-quest-multi-de-lost-vape.jpg;elcigarroelectronico3/cartucho-vacio-para-ursa-quest-multi-de-lost-vape.jpg
elcigarroelectronico3;https://elcigarroelectronico.com/lost-vape/6721-30162-cartucho-para-ursa-nano-de-lost-vape.html;CARTUCHO para Ursa NANO de Lost Vape;4,25 €;https://elcigarroelectronico.com/19237-large_default/cartucho-para-ursa-nano-de-lost-vape.jpg;elcigarroelectronico3/cartucho-para-ursa-nano-de-lost-vape.jpg
elcigarroelectronico3;https://elcigarroelectronico.com/lost-vape/6102-28629-cartucho-vacio-para-ub-lite-de-lost-vape-2363039231851.html;CARTUCHO VACÍO para UB Lite de Lost Vape;4,25 €;https://elcigarroelectronico.com/17830-large_default/cartucho-vacio-para-ub-lite-de-lost-vape.jpg;elcigarroelectronico3/cartucho-vacio-para-ub-lite-de-lost-vape.jpg
elcigarroelectronico3;https://elcigarroelectronico.com/lost-vape/5156-cartucho-pod-para-kit-orion-plus-2ml-de-lost-vape-0551858316176.html;CARTUCHO Pod para Orion PLUS + 2 Resistencias de Lost Vape;8,95 €;https://elcigarroelectronico.com/15304-large_default/cartucho-pod-para-kit-orion-plus-2ml-de-lost-vape.jpg;elcigarroelectronico3/cartucho-pod-para-kit-orion-plus-2ml-de-lost-vape.jpg
elcigarroelectronico3;https://elcigarroelectronico.com/lost-vape/6307-cartucho-para-ursa-mini-de-lost-vape-3440587549832.html;CARTUCHO VACIO para Ursa MINI de Lost Vape;3,75 €;https://elcigarroelectronico.com/18311-large_default/cartucho-para-ursa-mini-de-lost-vape.jpg;elcigarroelectronico3/cartucho-para-ursa-mini-de-lost-vape.jpg
elcigarroelectronico3;https://elcigarroelectronico.com/lost-vape/4662-25301-cartucho-para-pod-orion-q-2ml-de-lost-vape-8423502198426.html;CARTUCHO para POD Orion Q 2ml de Lost Vape;6,95 €;https://elcigarroelectronico.com/13860-large_default/cartucho-para-pod-orion-q-2ml-de-lost-vape.jpg;elcigarroelectronico3/cartucho-para-pod-orion-q-2ml-de-lost-vape.jpg
elcigarroelectronico3;https://elcigarroelectronico.com/eleaf/6247-28861-resistencia-gtl-de-eleaf-6137255608201.html;RESISTENCIA GTL de Eleaf;2,25 €;https://elcigarroelectronico.com/18158-large_default/resistencia-gtl-de-eleaf.jpg;elcigarroelectronico3/resistencia-gtl-de-eleaf.jpg
elcigarroelectronico3;https://elcigarroelectronico.com/otros/5898-base-rba-para-ursa-quest-multi-de-lost-vape-4790487233546.html;BASE RBA para Ursa Quest Multi de Lost Vape;9,95 €;https://elcigarroelectronico.com/17329-large_default/base-rba-para-ursa-quest-multi-de-lost-vape.jpg;elcigarroelectronico3/base-rba-para-ursa-quest-multi-de-lost-vape.jpg
elcigarroelectronico3;https://elcigarroelectronico.com/atmos-lab-aromas/833-aroma-lime-de-atmos-lab-10ml-4666288872249.html;AROMA Lime de Atmos Lab 10ml;5,75 €;https://elcigarroelectronico.com/18981-large_default/aroma-lime-de-atmos-lab-10ml.jpg;elcigarroelectronico3/aroma-lime-de-atmos-lab-10ml.jpg
elcigarroelectronico3;https://elcigarroelectronico.com/otros/5009-26277-resistencia-maze-vandy-vape-4458767599422.html;RESISTENCIA Maze de Vandy Vape (3 Unidades);3,98 €;https://elcigarroelectronico.com/14872-large_default/resistencia-maze-vandy-vape.jpg;elcigarroelectronico3/resistencia-maze-vandy-vape.jpg
elcigarroelectronico3;https://elcigarroelectronico.com/otros/4219-24084-resistencias-solo-2-de-vaptio-0793510926884.html;RESISTENCIA Solo 2 de Vaptio;2,50 €;https://elcigarroelectronico.com/12608-large_default/resistencias-solo-2-de-vaptio.jpg;elcigarroelectronico3/resistencias-solo-2-de-vaptio.jpg
elcigarroelectronico3;https://elcigarroelectronico.com/otros/4451-24708-resistencia-fog1-de-justfog-0300349458129.html;RESISTENCIA FOG 1 de JustFog;3,25 €;https://elcigarroelectronico.com/13139-large_default/resistencia-fog1-de-justfog.jpg;elcigarroelectronico3/resistencia-fog1-de-justfog.jpg
elcigarroelectronico3;https://elcigarroelectronico.com/vaporesso/3051-pyrex-veco-solo-de-vaporesso-2536214413124.html;DEPÓSITO PYREX Veco Solo Vaporesso;3,95 €;https://elcigarroelectronico.com/9433-large_default/pyrex-veco-solo-de-vaporesso.jpg;elcigarroelectronico3/pyrex-veco-solo-de-vaporesso.jpg
elcigarroelectronico3;https://elcigarroelectronico.com/eleaf/6392-29154-claromizador-gx-tank-de-eleaf-7746930048486.html;CLAROMIZADOR GX Tank de Eleaf;21,50 €;https://elcigarroelectronico.com/18520-large_default/claromizador-gx-tank-de-eleaf.jpg;elcigarroelectronico3/claromizador-gx-tank-de-eleaf.jpg
elcigarroelectronico3;https://elcigarroelectronico.com/otros/2759-19687-resistencia-elabo-ns-wismec-7448821919973.html;RESISTENCIA  WS02-NS para Elabo de Wismec;1,75 €;https://elcigarroelectronico.com/8615-large_default/resistencia-elabo-ns-wismec.jpg;elcigarroelectronico3/resistencia-elabo-ns-wismec.jpg
elcigarroelectronico3;https://elcigarroelectronico.com/otros/5900-28277-resistencia-ub-pro-de-lost-vape-1359254443088.html;RESISTENCIA UB PRO para Ursa Quest de Lost Vape;3,50 €;https://elcigarroelectronico.com/17332-large_default/resistencia-ub-pro-de-lost-vape.jpg;elcigarroelectronico3/resistencia-ub-pro-de-lost-vape.jpg
elcigarroelectronico3;https://elcigarroelectronico.com/vaporesso/4030-deposito-pyrex-para-cascade-de-vaporesso-9421980665064.html;DEPÓSITO PYREX para Cascade de Vaporesso;2,95 €;https://elcigarroelectronico.com/11958-large_default/deposito-pyrex-para-cascade-de-vaporesso.jpg;elcigarroelectronico3/deposito-pyrex-para-cascade-de-vaporesso.jpg
elcigarroelectronico3;https://elcigarroelectronico.com/vaporesso/4129-deposito-pyrex-para-orca-solo-de-vaporesso-5318978941061.html;DEPÓSITO PYREX para Orca Solo de Vaporesso;2,95 €;https://elcigarroelectronico.com/12251-large_default/deposito-pyrex-para-orca-solo-de-vaporesso.jpg;elcigarroelectronico3/deposito-pyrex-para-orca-solo-de-vaporesso.jpg
elcigarroelectronico3;https://elcigarroelectronico.com/vaporesso/5134-26608-deposito-pyrex-bulb-nrg-se-45ml-de-vaporesso-5554934055544.html;DEPÓSITO PYREX BULB NRG SE (4.5ml) de Vaporesso;2,95 €;https://elcigarroelectronico.com/15239-large_default/deposito-pyrex-bulb-nrg-se-45ml-de-vaporesso.jpg;elcigarroelectronico3/deposito-pyrex-bulb-nrg-se-45ml-de-vaporesso.jpg
elcigarroelectronico3;https://elcigarroelectronico.com/i-vg-salts/6507-29503-liquido-nic-salt-strawberry-jam-yoghurt-de-ivg-10ml.html;LÍQUIDO NIC SALT Strawberry Jam Yoghurt de IVG 10ml;4,95 €;https://elcigarroelectronico.com/18783-large_default/liquido-nic-salt-strawberry-jam-yoghurt-de-ivg-10ml.jpg;elcigarroelectronico3/liquido-nic-salt-strawberry-jam-yoghurt-de-ivg-10ml.jpg
elcigarroelectronico3;https://elcigarroelectronico.com/eleaf/4990-26247-resistencia-ec-s-para-melo-5-de-eleaf-3136252369736.html;RESISTENCIA EC-S para MELO 5 de Eleaf;3,00 €;https://elcigarroelectronico.com/14825-large_default/resistencia-ec-s-para-melo-5-de-eleaf.jpg;elcigarroelectronico3/resistencia-ec-s-para-melo-5-de-eleaf.jpg
elcigarroelectronico3;https://elcigarroelectronico.com/eleaf/1673-base-ecr-rba-para-melo-de-eleaf-4341645198872.html;BASE ECR RBA para Melo de Eleaf;2,95 €;https://elcigarroelectronico.com/5211-large_default/base-ecr-rba-para-melo-de-eleaf.jpg;elcigarroelectronico3/base-ecr-rba-para-melo-de-eleaf.jpg
elcigarroelectronico3;https://elcigarroelectronico.com/eleaf/2437-rba-erl-eleaf-2008480341178.html;RBA ERL de Eleaf;7,48 €;https://elcigarroelectronico.com/7751-large_default/rba-erl-eleaf.jpg;elcigarroelectronico3/rba-erl-eleaf.jpg
elcigarroelectronico3;https://elcigarroelectronico.com/vaporesso/5056-deposito-pyrex-para-vm-tank-vaporesso-8130311262797.html;DEPÓSITO PYREX para VM TANK 22 de Vaporesso;2,95 €;https://elcigarroelectronico.com/17661-large_default/deposito-pyrex-para-vm-tank-vaporesso.jpg;elcigarroelectronico3/deposito-pyrex-para-vm-tank-vaporesso.jpg
elcigarroelectronico3;https://elcigarroelectronico.com/otros/2366-18444-resistencia-motiv-orma-ds-wismec-6468085972591.html;RESISTENCIA DS para Motiv / Orma DS de Wismec;1,75 €;https://elcigarroelectronico.com/7519-large_default/resistencia-motiv-orma-ds-wismec.jpg;elcigarroelectronico3/resistencia-motiv-orma-ds-wismec.jpg
elcigarroelectronico3;https://elcigarroelectronico.com/otros/3881-26811-resistencia-captain-s-ijoy-0666931741872.html;RESISTENCIA Captain S de IJOY;2,00 €;https://elcigarroelectronico.com/11474-large_default/resistencia-captain-s-ijoy.jpg;elcigarroelectronico3/resistencia-captain-s-ijoy.jpg
elcigarroelectronico3;https://elcigarroelectronico.com/otros/4264-24226-resistencias-aramax-power-9502521669496.html;RESISTENCIA Aramax Power;3,75 €;https://elcigarroelectronico.com/12711-large_default/resistencias-aramax-power.jpg;elcigarroelectronico3/resistencias-aramax-power.jpg
elcigarroelectronico3;https://elcigarroelectronico.com/vaporesso/6498-29376-deposito-pyrex-para-itank-de-vaporesso-2-ml-5-ml-2670648769881.html;DEPÓSITO PYREX para iTank de Vaporesso;2,50 €;https://elcigarroelectronico.com/18764-large_default/deposito-pyrex-para-itank-de-vaporesso-2-ml-5-ml.jpg;elcigarroelectronico3/deposito-pyrex-para-itank-de-vaporesso-2-ml-5-ml.jpg
elcigarroelectronico3;https://elcigarroelectronico.com/eleaf/2914-20377-claromizador-melo-4-de-eleaf-5278623839849.html;CLAROMIZADOR Melo 4 de Eleaf;19,95 €;https://elcigarroelectronico.com/9109-large_default/claromizador-melo-4-de-eleaf.jpg;elcigarroelectronico3/claromizador-melo-4-de-eleaf.jpg
elcigarroelectronico3;https://elcigarroelectronico.com/vaporesso/4338-deposito-pyrex-nrg-mini-se-2ml-vaporesso-3543731486424.html;DEPÓSITO PYREX NRG SE Mini (2ml) de Vaporesso;2,95 €;https://elcigarroelectronico.com/12879-large_default/deposito-pyrex-nrg-mini-se-2ml-vaporesso.jpg;elcigarroelectronico3/deposito-pyrex-nrg-mini-se-2ml-vaporesso.jpg
elcigarroelectronico3;https://elcigarroelectronico.com/eleaf/1693-claromizador-gs-air-2-de-eleaf-14mm-5114693604409.html;CLAROMIZADOR GS Air 2 (14mm) de Eleaf;11,95 €;https://elcigarroelectronico.com/5268-large_default/claromizador-gs-air-2-de-eleaf-14mm.jpg;elcigarroelectronico3/claromizador-gs-air-2-de-eleaf-14mm.jpg
elcigarroelectronico3;https://elcigarroelectronico.com/vaporesso/4834-25956-deposito-pyrex-sky-solo-plus-de-vaporesso-4212149558588.html;DEPÓSITO PYREX Sky Solo PLUS de Vaporesso;2,95 €;https://elcigarroelectronico.com/14500-large_default/deposito-pyrex-sky-solo-plus-de-vaporesso.jpg;elcigarroelectronico3/deposito-pyrex-sky-solo-plus-de-vaporesso.jpg
elcigarroelectronico3;https://elcigarroelectronico.com/vaporesso/2993-deposito-pyrex-para-drizzle-de-vaporesso-1539363814515.html;DEPÓSITO PYREX Drizzle de Vaporesso;2,95 €;https://elcigarroelectronico.com/12229-large_default/deposito-pyrex-para-drizzle-de-vaporesso.jpg;elcigarroelectronico3/deposito-pyrex-para-drizzle-de-vaporesso.jpg
elcigarroelectronico3;https://elcigarroelectronico.com/otros/4326-24355-resistencia-berserker-apollo-de-vandy-vape-5744724320246.html;RESISTENCIA Berserker / Apollo de Vandy Vape;1,63 €;https://elcigarroelectronico.com/12869-large_default/resistencia-berserker-apollo-de-vandy-vape.jpg;elcigarroelectronico3/resistencia-berserker-apollo-de-vandy-vape.jpg
elcigarroelectronico3;https://elcigarroelectronico.com/eleaf/6419-29205-claromizador-gs-air-4-de-eleaf-3682785908060.html;CLAROMIZADOR GS Air 4 de Eleaf;22,95 €;https://elcigarroelectronico.com/18570-large_default/claromizador-gs-air-4-de-eleaf.jpg;elcigarroelectronico3/claromizador-gs-air-4-de-eleaf.jpg
elcigarroelectronico3;https://elcigarroelectronico.com/i-vg-salts/5423-27932-liquido-nic-salt-fresh-mango-de-ivg-10ml-1897056992163.html;LÍQUIDO NIC SALT Fresh Mango de IVG 10ml;4,95 €;https://elcigarroelectronico.com/15970-large_default/liquido-nic-salt-fresh-mango-de-ivg-10ml.jpg;elcigarroelectronico3/liquido-nic-salt-fresh-mango-de-ivg-10ml.jpg
elcigarroelectronico3;https://elcigarroelectronico.com/i-vg-salts/6508-30546-liquido-nic-salt-unicorn-hoops-de-ivg-10ml.html;LÍQUIDO NIC SALT Unicorn Hoops de IVG 10ml;4,95 €;https://elcigarroelectronico.com/18784-large_default/liquido-nic-salt-unicorn-hoops-de-ivg-10ml.jpg;elcigarroelectronico3/liquido-nic-salt-unicorn-hoops-de-ivg-10ml.jpg
elcigarroelectronico3;https://elcigarroelectronico.com/vaporesso/5054-claromizador-vm-tank-22mm-de-vaporesso-8456983054059.html;CLAROMIZADOR VM Tank 22mm de Vaporesso;22,50 €;https://elcigarroelectronico.com/17459-large_default/claromizador-vm-tank-22mm-de-vaporesso.jpg;elcigarroelectronico3/claromizador-vm-tank-22mm-de-vaporesso.jpg
elcigarroelectronico3;https://elcigarroelectronico.com/i-vg-salts/6576-29505-liquido-nic-salt-pink-lemonade-de-ivg-10ml.html;LÍQUIDO NIC SALT Pink Lemonade de IVG 10ml;4,95 €;https://elcigarroelectronico.com/18929-large_default/liquido-nic-salt-pink-lemonade-de-ivg-10ml.jpg;elcigarroelectronico3/liquido-nic-salt-pink-lemonade-de-ivg-10ml.jpg
elcigarroelectronico3;https://elcigarroelectronico.com/i-vg-salts/6511-29498-liquido-nic-salt-orangeade-de-ivg-10ml.html;LÍQUIDO NIC SALT Orangeade de IVG 10ml;4,95 €;https://elcigarroelectronico.com/18787-large_default/liquido-nic-salt-orangeade-de-ivg-10ml.jpg;elcigarroelectronico3/liquido-nic-salt-orangeade-de-ivg-10ml.jpg
elcigarroelectronico3;https://elcigarroelectronico.com/i-vg-salts/5692-27849-liquido-nic-salt-berry-medley-de-ivg-10ml-8136147125626.html;LÍQUIDO NIC SALT Berry Medley de IVG 10ml;4,95 €;https://elcigarroelectronico.com/16753-large_default/liquido-nic-salt-berry-medley-de-ivg-10ml.jpg;elcigarroelectronico3/liquido-nic-salt-berry-medley-de-ivg-10ml.jpg
elcigarroelectronico3;https://elcigarroelectronico.com/kanthal/1403-19188-clapton-coil-coaxial-kanthal-4258974827826.html;HILO CLAPTON de Kanthal;3,50 €;https://elcigarroelectronico.com/17570-large_default/clapton-coil-coaxial-kanthal.jpg;elcigarroelectronico3/clapton-coil-coaxial-kanthal.jpg
elcigarroelectronico3;https://elcigarroelectronico.com/i-vg-salts/5689-27846-liquido-nic-salt-forest-berries-ice-de-ivg-10ml-7658643675968.html;LÍQUIDO NIC SALT Forest Berries Ice de IVG 10ml;4,95 €;https://elcigarroelectronico.com/16750-large_default/liquido-nic-salt-forest-berries-ice-de-ivg-10ml.jpg;elcigarroelectronico3/liquido-nic-salt-forest-berries-ice-de-ivg-10ml.jpg
elcigarroelectronico3;https://elcigarroelectronico.com/vaporesso/6426-30170-proximamente-claromizador-itank-de-vaporesso-6811392202712.html;CLAROMIZADOR iTank de Vaporesso;23,95 €;https://elcigarroelectronico.com/19249-large_default/proximamente-claromizador-itank-de-vaporesso.jpg;elcigarroelectronico3/proximamente-claromizador-itank-de-vaporesso.jpg
elcigarroelectronico3;https://elcigarroelectronico.com/vaporesso/5054-28367-claromizador-vm-tank-22mm-de-vaporesso-8456983054059.html;CLAROMIZADOR VM Tank 22mm de Vaporesso;22,50 €;https://elcigarroelectronico.com/17459-large_default/claromizador-vm-tank-22mm-de-vaporesso.jpg;elcigarroelectronico3/claromizador-vm-tank-22mm-de-vaporesso.jpg
elcigarroelectronico3;https://elcigarroelectronico.com/eleaf/3193-deposito-pyrex-para-melo-4-d22-1176392408089.html;DEPÓSITO PYREX para Melo 4 D22 de Eleaf;2,95 €;https://elcigarroelectronico.com/9764-large_default/deposito-pyrex-para-melo-4-d22.jpg;elcigarroelectronico3/deposito-pyrex-para-melo-4-d22.jpg
elcigarroelectronico3;https://elcigarroelectronico.com/vaporesso/1692-17262-resistencia-ceramica-ccell-de-vaporesso-4906063643283.html;RESISTENCIA Cerámica cCELL de Vaporesso;2,98 €;https://elcigarroelectronico.com/5264-large_default/resistencia-ceramica-ccell-de-vaporesso.jpg;elcigarroelectronico3/resistencia-ceramica-ccell-de-vaporesso.jpg
elcigarroelectronico3;https://elcigarroelectronico.com/eleaf/2892-resistencia-melo-4-de-eleaf-9993658917954.html;RESISTENCIA EC2 para MELO 4 de Eleaf;3,00 €;https://elcigarroelectronico.com/9042-large_default/resistencia-melo-4-de-eleaf.jpg;elcigarroelectronico3/resistencia-melo-4-de-eleaf.jpg
elcigarroelectronico3;https://elcigarroelectronico.com/i-vg-salts/4627-29504-liquido-nic-salt-kiwi-lemon-kool-de-ivg-5933661791497.html;LÍQUIDO NIC SALT Kiwi Lemon Kool de IVG 10ml;4,95 €;https://elcigarroelectronico.com/13741-large_default/liquido-nic-salt-kiwi-lemon-kool-de-ivg.jpg;elcigarroelectronico3/liquido-nic-salt-kiwi-lemon-kool-de-ivg.jpg
elcigarroelectronico3;https://elcigarroelectronico.com/i-vg-salts/4781-29501-liquido-nic-salt-spearmint-de-ivg-10ml-7592189689167.html;LÍQUIDO NIC SALT Spearmint Sweets de IVG 10ml;4,95 €;https://elcigarroelectronico.com/14306-large_default/liquido-nic-salt-spearmint-de-ivg-10ml.jpg;elcigarroelectronico3/liquido-nic-salt-spearmint-de-ivg-10ml.jpg
elcigarroelectronico3;https://elcigarroelectronico.com/i-vg-salts/6509-29342-liquido-nic-salt-honey-crunch-de-ivg-10ml.html;LÍQUIDO NIC SALT Honey Crunch de IVG 10ml;4,95 €;https://elcigarroelectronico.com/18785-large_default/liquido-nic-salt-honey-crunch-de-ivg-10ml.jpg;elcigarroelectronico3/liquido-nic-salt-honey-crunch-de-ivg-10ml.jpg
elcigarroelectronico3;https://elcigarroelectronico.com/i-vg-salts/6901-30471-liquido-nic-salt-caribbean-crush-de-ivg-10ml.html;LÍQUIDO NIC SALT Caribbean Crush de IVG 10ml;4,95 €;https://elcigarroelectronico.com/19570-large_default/liquido-nic-salt-caribbean-crush-de-ivg-10ml.jpg;elcigarroelectronico3/liquido-nic-salt-caribbean-crush-de-ivg-10ml.jpg
elcigarroelectronico3;https://elcigarroelectronico.com/i-vg-salts/6510-29496-liquido-nic-salt-sour-green-apple-de-ivg-10ml.html;LÍQUIDO NIC SALT Sour Green Apple de IVG 10ml;4,95 €;https://elcigarroelectronico.com/18786-large_default/liquido-nic-salt-sour-green-apple-de-ivg-10ml.jpg;elcigarroelectronico3/liquido-nic-salt-sour-green-apple-de-ivg-10ml.jpg
elcigarroelectronico3;https://elcigarroelectronico.com/i-vg-salts/5691-29698-liquido-nic-salt-tropical-ice-blast-de-ivg-10ml-7901109200908.html;LÍQUIDO NIC SALT Tropical Ice Blast de IVG 10ml;4,95 €;https://elcigarroelectronico.com/16752-large_default/liquido-nic-salt-tropical-ice-blast-de-ivg-10ml.jpg;elcigarroelectronico3/liquido-nic-salt-tropical-ice-blast-de-ivg-10ml.jpg
elcigarroelectronico3;https://elcigarroelectronico.com/vaporesso/5543-27583-claromizador-gtx-tank-18-de-vaporesso-7640497647222.html;CLAROMIZADOR GTX 18 de Vaporesso;16,50 €;https://elcigarroelectronico.com/16259-large_default/claromizador-gtx-tank-18-de-vaporesso.jpg;elcigarroelectronico3/claromizador-gtx-tank-18-de-vaporesso.jpg
elcigarroelectronico3;https://elcigarroelectronico.com/vaporesso/5061-26398-claromizador-vm-18-de-vaporesso-5028801686471.html;CLAROMIZADOR VM Tank 18mm de Vaporesso;20,95 €;https://elcigarroelectronico.com/15028-large_default/claromizador-vm-18-de-vaporesso.jpg;elcigarroelectronico3/claromizador-vm-18-de-vaporesso.jpg
elcigarroelectronico3;https://elcigarroelectronico.com/kanthal/1223-14906-hilo-kanthal-ud-twisted-trenzado-5629967134440.html;HILO Twisted Kanthal (trenzado);0,30 €;https://elcigarroelectronico.com/17566-large_default/hilo-kanthal-ud-twisted-trenzado.jpg;elcigarroelectronico3/hilo-kanthal-ud-twisted-trenzado.jpg
elcigarroelectronico3;https://elcigarroelectronico.com/vaporesso/6426-29223-proximamente-claromizador-itank-de-vaporesso-6811392202712.html;CLAROMIZADOR iTank de Vaporesso;23,95 €;https://elcigarroelectronico.com/18609-large_default/proximamente-claromizador-itank-de-vaporesso.jpg;elcigarroelectronico3/proximamente-claromizador-itank-de-vaporesso.jpg
elcigarroelectronico3;https://elcigarroelectronico.com/i-vg-salts/6325-29014-liquido-nic-salt-strawberry-watermelon-10ml-9056601015845.html;LÍQUIDO NIC SALT Strawberry Watermelon de IVG 10ML;4,95 €;https://elcigarroelectronico.com/18368-large_default/liquido-nic-salt-strawberry-watermelon-10ml.jpg;elcigarroelectronico3/liquido-nic-salt-strawberry-watermelon-10ml.jpg
elcigarroelectronico3;https://elcigarroelectronico.com/vaporesso/5653-30397-claromizador-nrg-s-mini-de-vaporesso-7682510856532.html;CLAROMIZADOR NRG-S MINI de Vaporesso;23,95 €;https://elcigarroelectronico.com/19479-large_default/claromizador-nrg-s-mini-de-vaporesso.jpg;elcigarroelectronico3/claromizador-nrg-s-mini-de-vaporesso.jpg
elcigarroelectronico3;https://elcigarroelectronico.com/vaporesso/2305-19742-resistencia-euc-de-vaporesso-9277592180293.html;RESISTENCIA EUC de Vaporesso;2,25 €;https://elcigarroelectronico.com/7270-large_default/resistencia-euc-de-vaporesso.jpg;elcigarroelectronico3/resistencia-euc-de-vaporesso.jpg
elcigarroelectronico3;https://elcigarroelectronico.com/vaporesso/6423-29215-mod-target-100-de-vaporesso-3044101218671.html;MOD Target 100 de Vaporesso;43,95 €;https://elcigarroelectronico.com/18600-large_default/mod-target-100-de-vaporesso.jpg;elcigarroelectronico3/mod-target-100-de-vaporesso.jpg
elcigarroelectronico3;https://elcigarroelectronico.com/vaporesso/3411-21874-resistencia-gtm-para-cascade-de-vaporesso-5736756990665.html;RESISTENCIA GTM para Cascade de Vaporesso;6,75 €;https://elcigarroelectronico.com/10293-large_default/resistencia-gtm-para-cascade-de-vaporesso.jpg;elcigarroelectronico3/resistencia-gtm-para-cascade-de-vaporesso.jpg
elcigarroelectronico3;https://elcigarroelectronico.com/eleaf/2914-20379-claromizador-melo-4-de-eleaf-5278623839849.html;CLAROMIZADOR Melo 4 de Eleaf;19,95 €;https://elcigarroelectronico.com/9111-large_default/claromizador-melo-4-de-eleaf.jpg;elcigarroelectronico3/claromizador-melo-4-de-eleaf.jpg
